Nome,CPF,Email,Telefone
Ana Julia Moraes,273.498.651-55,helena71@example.com,+55 84 0413-5930
Raquel Jesus,352.408.796-56,araujomariana@example.net,+55 11 1666 6664
Evelyn Caldeira,541.730.986-93,isabel15@example.com,0500-557-3583
Alexia Novaes,968.415.302-33,lauramonteiro@example.net,+55 31 6306-4522
Sr. Samuel da Paz,908.324.576-47,crocha@example.com,(031) 3757-7794
Alana da Rocha,132.490.865-33,levi50@example.net,+55 (031) 7553 0116
Eduardo da Rocha,490.713.682-03,tda-mata@example.net,+55 51 1723 7105
Mariane Nascimento,536.802.419-33,ryanribeiro@example.org,(081) 7530 5447
Raul Santos,014.958.362-15,maria-luiza92@example.com,0900 579 5980
Caroline das Neves,520.169.874-30,emanuellyjesus@example.net,(061) 7491 1359
Marcela Silveira,245.068.713-08,ncavalcanti@example.net,+55 (071) 6361 0426
Maria Pires,376.140.859-57,olopes@example.org,+55 (031) 1007 3802
Gabrielly da Paz,975.864.130-10,noahlopes@example.org,(071) 4148 4722
João Miguel Caldeira,872.063.591-59,mfarias@example.com,+55 21 3246 5403
Gabriel Souza,619.352.847-46,daniela03@example.org,31 9109-8384
Alice Gonçalves,264.850.139-89,tda-luz@example.com,0300 186 2162
Dr. João Gabriel Duarte,069.517.284-02,emanuella58@example.org,(084) 0733 9731
Agatha Ferreira,603.845.972-38,marcos-vinicius64@example.net,81 9248-9496
Nina Ramos,279.614.038-50,valentinacaldeira@example.net,+55 (084) 3259-9732
Emanuelly da Mata,536.182.074-17,sophieviana@example.com,(021) 0419 0762
Erick Souza,954.260.173-52,caue42@example.com,+55 21 1750 0805
Breno Melo,692.085.734-00,emillyalves@example.net,11 3661-5034
Gustavo Henrique Cavalcanti,645.390.827-10,moreiraluiz-fernando@example.com,(021) 1945 9026
Ana da Rocha,714.036.529-61,moraesisabelly@example.net,(081) 5445-8471
João Vitor Dias,264.109.387-13,monteirobruna@example.com,+55 21 1168 2327
Luiz Fernando Nogueira,380.926.574-83,ucunha@example.com,+55 31 2361 9689
Pietro Silveira,714.809.652-94,joao-lucasnunes@example.com,(071) 6698-0525
Ryan Nascimento,736.459.012-99,leandroduarte@example.org,11 2690 5973
Caio Carvalho,631.859.472-82,azevedoryan@example.net,31 9925 6495
Fernando Melo,109.834.625-42,maria-juliacarvalho@example.net,(061) 0466-5781
Lavínia Santos,921.530.684-60,fernandesluana@example.net,0300-180-7948
Isaac Ferreira,246.879.135-55,osouza@example.net,31 2977 8374
Ana Luiza Lima,249.571.380-79,andrebarbosa@example.com,+55 (041) 3395-1655
Lucca Mendes,652.739.418-73,da-cruzvitoria@example.org,+55 81 4960-0225
Eloah Aragão,310.546.279-16,marianadas-neves@example.org,+55 (021) 0804-8167
Emilly Jesus,571.490.283-14,raquel48@example.org,(061) 9477-8617
Catarina Cunha,481.926.705-11,nduarte@example.com,+55 81 5219 0058
Davi Lucca Rodrigues,091.378.462-13,rafaeljesus@example.net,+55 (011) 6416 0527
Theo Fogaça,016.794.528-94,luiz-miguelsilva@example.org,+55 (081) 7140-6933
Mirella Aragão,184.652.073-80,mazevedo@example.org,+55 (071) 1271-3899
Júlia Nascimento,028.719.645-30,joana30@example.net,+55 (031) 0117 7203
Juliana Nascimento,586.021.743-90,da-luzvinicius@example.net,0500 746 7471
Davi Lucas Moreira,598.246.173-37,renangomes@example.net,+55 (051) 4025 4617
Renan Cardoso,724.930.681-22,ana-juliarezende@example.org,+55 (051) 7779-8902
Clarice Santos,820.463.179-04,bda-cunha@example.com,(011) 1629-8306
Enrico Farias,926.470.315-25,maria-cecilia48@example.net,+55 (031) 0478-0226
Luna Moura,598.204.763-56,moreiranicole@example.org,+55 (081) 4312 3685
Letícia Ribeiro,729.564.380-00,vianahenrique@example.org,51 5801 0562
Henrique Nascimento,314.082.957-41,qsilva@example.net,41 5879-2864
Cauê Nunes,375.912.608-12,ana-clarajesus@example.org,(081) 8602 1687
Manuela Novaes,946.078.325-29,rafaelacaldeira@example.com,21 8591 4554
Bianca Fogaça,271.806.935-02,obarros@example.org,0500-470-2832
Srta. Agatha Fogaça,712.368.049-96,sabrinapinto@example.org,+55 (051) 2954-9589
Miguel Duarte,451.287.309-05,ana-liviapeixoto@example.net,71 5211 5120
Sra. Valentina Caldeira,431.095.628-98,antonio42@example.net,41 1289-6847
Joaquim Costela,754.891.026-67,marianovaes@example.net,+55 31 6396 7249
Yasmin Nunes,716.984.325-00,hazevedo@example.org,+55 (051) 7570-5015
Ana Júlia Fernandes,670.894.315-84,luiz-otavio12@example.org,+55 (061) 7992 0742
Luiz Otávio das Neves,418.065.739-20,barbosaanthony@example.net,(041) 6776-0209
Lorena da Rosa,958.712.604-11,noah38@example.org,+55 61 3907-8033
Gabriel da Mata,604.279.513-99,joao-gabrielsilveira@example.com,0300-339-9505
Dra. Elisa Peixoto,745.036.291-07,cgoncalves@example.com,(011) 5892-6521
Dr. João Gabriel da Paz,591.428.063-05,rmartins@example.org,(081) 3419-6225
Lorena Duarte,398.420.567-83,dfogaca@example.net,61 0554 0977
Mirella da Paz,324.697.581-73,eloah81@example.com,+55 (081) 2951 1421
Rebeca Cardoso,369.405.187-20,ffreitas@example.com,+55 (081) 0793 3360
Kaique Pereira,083.475.916-01,oliveiraandre@example.net,0900-307-6679
Nina Nunes,791.320.458-32,piresnatalia@example.net,+55 (061) 9529-0835
Luiz Fernando Monteiro,578.916.342-46,livia97@example.org,(084) 8258 1722
Manuela Araújo,731.694.258-46,hbarbosa@example.org,71 2535-3040
Luiz Otávio Cardoso,870.562.394-47,thiago35@example.net,+55 (041) 8858 7253
Sra. Fernanda Alves,036.254.817-07,dsilva@example.org,(011) 2550-8764
Bianca Pires,193.254.806-89,lda-rocha@example.net,+55 11 9115 6254
Felipe Sales,137.894.625-19,giovannanogueira@example.net,+55 (011) 1478 6824
Dra. Milena Caldeira,471.026.359-07,hfreitas@example.com,+55 (011) 6334-2108
Isaac Viana,728.915.043-05,davi-lucasda-rocha@example.com,0300 738 4499
Nathan Gonçalves,632.704.591-06,thiago00@example.org,+55 (011) 8059 6778
Camila da Conceição,820.914.675-02,ianalmeida@example.org,21 3884 8839
Kevin da Costa,129.764.580-49,ribeiroluiz-henrique@example.com,(071) 6394 8469
Ana Clara das Neves,605.247.893-47,piressophia@example.org,0800-052-1438
Sr. Luiz Miguel Araújo,149.637.258-19,alexiaoliveira@example.net,+55 (011) 9071 3343
Dr. Fernando Moreira,893.706.521-59,santosana@example.com,+55 (081) 1325-6736
Sra. Laís da Cunha,478.210.693-96,leonardoazevedo@example.org,0300-262-0870
Clara Pereira,193.762.045-06,azevedoana-luiza@example.com,31 0874-4484
Pedro Lucas Nunes,138.925.407-05,isabella73@example.com,(084) 2476-6309
Dr. Luiz Miguel Silva,427.081.635-07,das-nevesenrico@example.com,+55 21 9050-1456
Vitor Gabriel Castro,519.260.483-42,alvesjuan@example.net,+55 (084) 6129-4652
Isabel Nogueira,625.319.480-15,rda-rocha@example.net,(081) 5814 3386
Bryan da Rocha,256.874.139-28,oda-rosa@example.net,0300-352-2717
Maria Vitória Pinto,751.863.049-48,isabellydias@example.org,11 4400-1394
João Vitor Freitas,912.306.784-50,rebecasantos@example.com,+55 (081) 1156-9342
Maria Vitória da Mota,416.350.789-20,rochalucas-gabriel@example.net,31 5344 3876
André Viana,241.583.679-64,caio25@example.com,41 1407-6217
Anthony Ramos,076.291.348-78,costaana-livia@example.org,0800 234 0686
Maria Vitória Fernandes,498.150.623-60,fpinto@example.net,+55 51 3435 0603
Eduardo Almeida,541.927.063-34,eduardocastro@example.org,+55 84 3419 5012
Dra. Ana Ferreira,406.937.125-70,marianenogueira@example.org,+55 51 6456 0782
Helena Souza,783.904.265-10,cauamonteiro@example.net,(051) 0260 9894
Alícia da Luz,692.853.104-51,salesryan@example.net,21 6198 8781
Luiz Henrique Fogaça,856.021.793-21,ana-carolinateixeira@example.com,+55 61 0364-7932
Srta. Manuela da Rocha,042.896.751-58,rodriguesisadora@example.com,0500-361-4702
Srta. Maria Fernanda Rodrigues,157.986.342-64,xcorreia@example.org,31 7761 8072
Maria Clara Lopes,926.714.853-28,gomesstella@example.org,+55 21 8001-1211
Francisco Costa,958.214.370-32,rodrigo72@example.org,51 8272 5728
Rafael das Neves,460.312.795-25,andre16@example.com,(061) 3894 9642
Evelyn da Cunha,185.032.794-79,sophierodrigues@example.com,41 0241-7186
Lucas Almeida,730.182.945-05,luigi26@example.net,(011) 3603 6144
João da Rocha,648.102.975-94,laurabarbosa@example.org,+55 41 2611 5728
Cecília da Rosa,734.128.650-44,oda-cruz@example.com,(071) 9736-1424
Kaique Azevedo,398.456.127-09,da-motacaroline@example.com,0800-862-7576
Vitor Gabriel Porto,758.142.960-11,nda-mota@example.com,+55 (021) 7323-8455
Luiz Felipe Moreira,183.529.740-41,isaac30@example.com,31 3432-8840
Maria Cecília Nascimento,503.146.879-39,oliveirajoao-gabriel@example.com,+55 41 5265 3900
Elisa Barbosa,165.437.908-57,juliapereira@example.org,21 0714 7718
Cauê Costa,148.652.307-26,emanuelly98@example.com,+55 (051) 3381-0271
Srta. Emanuella Vieira,530.862.419-42,duarteyago@example.net,0500-130-3761
João Miguel Alves,615.478.209-85,pauloda-costa@example.net,31 7311-4995
Ryan Cavalcanti,293.567.041-80,daniel92@example.com,(084) 6116 3028
Ana Cardoso,954.316.027-99,joao-miguel76@example.org,84 4892-4521
Luana Fernandes,329.458.071-14,das-nevesana-julia@example.com,(081) 2530-8693
Eduarda da Mata,146.309.528-70,rafael42@example.org,+55 (061) 2005 5950
Mariana Dias,968.547.213-00,eloah30@example.com,(031) 2298-7469
Gabriel Farias,016.942.385-98,marinafogaca@example.org,+55 (071) 8934-7301
Joaquim Vieira,823.601.957-86,rnovaes@example.com,(031) 4181 7181
Maria Julia Costela,708.341.265-08,ferreirajoao-pedro@example.com,(081) 9165-1758
Milena da Paz,682.745.031-71,gustavo-henrique18@example.org,+55 84 1504-4192
Bryan da Rocha,132.087.569-68,ncampos@example.org,+55 (031) 4214-1055
Mariana Castro,947.630.281-03,beniciofernandes@example.net,61 2578 8452
Sra. Isabelly Melo,368.025.719-86,clara07@example.net,+55 81 9395 5452
Nicolas da Luz,432.605.817-07,caiomoreira@example.org,(081) 5188 2695
Lucca Sales,379.065.128-12,fda-cunha@example.org,+55 41 6665-8933
Sr. André Cavalcanti,516.280.493-24,joanada-rosa@example.net,41 3465 0240
Kaique Duarte,014.965.273-99,caldeiragabriel@example.org,+55 (021) 4911 6141
Pedro Henrique Rezende,876.913.045-01,isadora91@example.net,(051) 3785 3132
Renan Monteiro,694.031.728-78,bernardo37@example.com,11 6903-2314
Cauã da Mata,061.572.938-02,luiz-miguelalmeida@example.net,+55 84 4819 9343
Breno Fogaça,198.527.406-01,castrojulia@example.com,31 6245 1892
Raul da Cunha,097.625.143-43,mda-conceicao@example.net,0300-862-4552
Emanuella Moura,961.437.528-00,oaraujo@example.org,0900 907 3967
Nina Castro,027.185.463-44,xsilva@example.net,+55 41 6668-4712
Laís Cunha,346.915.078-84,da-pazluigi@example.net,+55 21 1003 7347
Dr. Davi Lucca da Conceição,328.760.495-38,luiz-miguel87@example.net,+55 11 9256 4174
Henrique Lima,357.824.960-29,heloisada-cruz@example.net,+55 61 6082-1361
Maria Fernanda Costela,578.239.604-00,vitoria87@example.net,(041) 6621 1417
Gabrielly Aragão,471.230.896-69,luiz-gustavo19@example.org,31 6889-6042
Sra. Milena Lopes,029.841.375-23,cardosolaura@example.org,41 6598-2936
Sra. Emanuelly Freitas,369.580.417-39,marcela84@example.com,(051) 9054 3782
João Lucas Cunha,768.541.029-01,joao-pedrofreitas@example.net,+55 (071) 3138-0831
Leandro Carvalho,463.280.957-83,caldeirabarbara@example.com,0500 060 3032
Lívia Silveira,086.431.275-07,ana-beatriz70@example.org,+55 (021) 5712-3744
Nina da Mota,296.738.051-21,gda-luz@example.org,81 6447-8861
Ana Vitória Porto,259.301.874-79,mcastro@example.org,+55 81 3370 5118
Sra. Ana Vitória Ramos,759.146.823-55,vinicius25@example.org,0800 693 3432
Elisa Martins,074.159.368-84,mourayuri@example.com,+55 61 5620-8995
Dra. Agatha Sales,706.539.142-61,isabelly58@example.org,51 2815 9326
Julia Almeida,729.413.065-52,gomesheloisa@example.net,11 3354 0608
Thiago Rezende,013.459.672-25,rochaemilly@example.org,+55 (051) 7981 9649
Ana Clara Novaes,208.167.495-58,marcelacastro@example.org,61 0787-3286
Srta. Ana Carolina da Mota,019.364.582-33,kaiquegoncalves@example.org,(031) 8695-2675
Evelyn Freitas,137.405.268-07,imartins@example.net,+55 (084) 4873 8648
Juan Silveira,518.760.934-39,carolinefreitas@example.net,41 9692 9457
Julia Oliveira,251.674.930-99,brunada-conceicao@example.com,21 2643-9475
Daniela Araújo,293.407.865-56,cferreira@example.net,+55 81 0077-3994
Sr. Joaquim Peixoto,078.963.124-50,isaac81@example.net,11 3224-6915
Srta. Emilly Freitas,039.752.814-05,theo22@example.net,+55 (071) 6258 9907
Ana Lívia Pires,419.075.238-04,leonardo78@example.org,11 1051-9661
Luiz Fernando Lopes,037.286.154-71,correiafernanda@example.com,51 5717 3436
Leandro Rezende,581.639.702-86,fernando18@example.org,+55 71 6670 2155
Ana Beatriz da Rocha,295.734.108-50,ana-clararocha@example.com,+55 61 6970-2691
Sr. Lucas da Conceição,267.194.358-09,nporto@example.org,+55 (061) 0719 0564
Yago Alves,372.908.154-32,tjesus@example.net,(061) 0077 9488
Sr. Lucas Ferreira,190.567.428-76,murilojesus@example.net,0800-835-5039
Lorenzo Correia,745.630.298-74,carvalhohelena@example.org,(084) 7908 7145
Enzo Gabriel Freitas,145.368.927-37,erocha@example.com,(061) 2558 4959
Francisco Carvalho,684.250.971-85,msantos@example.com,+55 (031) 7810-4087
Heitor Gomes,359.728.460-47,oliveiralucca@example.com,+55 (081) 5173-3316
Marina da Rocha,782.394.015-97,ljesus@example.com,+55 (081) 1796-6080
Laís das Neves,240.678.359-65,catarinanogueira@example.org,0300 380 8613
Ana Vitória Monteiro,905.182.634-60,ffreitas@example.com,+55 21 8316 8899
João Guilherme Melo,806.217.459-01,rafaelsantos@example.com,+55 84 9252-2707
Marcela Castro,401.692.358-15,freitasmaysa@example.org,81 2051-5168
Alana Campos,924.150.837-04,da-cruzbruna@example.com,11 5188-2891
Isis da Rocha,395.487.160-20,stephany67@example.com,31 5081 8821
Dr. Pedro Henrique Alves,196.037.845-75,silvamatheus@example.org,+55 (084) 8570-7762
Eloah Castro,120.547.386-62,costelayago@example.net,+55 21 2191-0228
Diogo Moraes,953.647.018-75,benicio28@example.com,+55 84 1747-0854
Juliana Caldeira,052.384.791-23,nnascimento@example.org,+55 (011) 8447 6548
Dr. Igor Silva,049.627.138-50,joaquim55@example.net,+55 81 4706 6807
Eduardo Cunha,162.794.503-25,mgoncalves@example.com,+55 84 2012-2313
Maria Teixeira,750.964.238-83,fernandesmarcela@example.org,(041) 5805 6698
João Gabriel Novaes,047.958.261-02,cardosoagatha@example.net,51 2070 7949
Yasmin Fernandes,492.763.081-13,qazevedo@example.org,+55 71 0017 2854
Sra. Emilly Cunha,875.432.916-73,cardosovitor-gabriel@example.org,0500 708 3597
Bruno da Rosa,635.408.719-93,juliacavalcanti@example.org,(041) 4629-7704
Raquel da Costa,027.694.851-30,pereiragabriela@example.net,(051) 6121 9808
Maria Sophia Rocha,379.285.140-79,melopedro@example.com,(084) 8512-2860
Dr. Cauã Viana,640.295.781-01,ecavalcanti@example.com,51 0264 1396
Luiz Fernando Jesus,694.052.317-07,martinsgabrielly@example.org,0900-344-9411
Maitê Freitas,028.943.175-14,oferreira@example.org,84 6249-0335
Davi Lucas Cunha,428.075.196-01,pauloda-conceicao@example.org,+55 (021) 5152 4294
João Felipe Ramos,653.419.802-98,sfreitas@example.net,0500-215-8506
Laura Ferreira,597.143.280-04,cardosogustavo-henrique@example.com,11 2261-3452
Lucca Sales,541.639.207-06,elisa88@example.net,(084) 2839 7920
Maria Luiza Azevedo,398.125.470-88,tfreitas@example.org,(021) 1816-5477
Sr. Raul da Costa,241.750.689-02,da-rochadavi-luiz@example.org,(031) 4552 0423
Yago Araújo,421.837.509-79,luiz-fernandoduarte@example.org,(021) 1300 8554
Dra. Marina Caldeira,280.543.679-29,laraazevedo@example.com,31 7120 7108
João Guilherme Martins,768.251.039-03,sabrinafarias@example.net,81 9545-7118
Erick Ferreira,598.670.342-10,biancanogueira@example.org,11 3440-3531
Dr. Gustavo Henrique Moreira,849.135.062-42,ramosmaria-fernanda@example.com,21 8501 0996
Renan da Rocha,458.079.236-00,cda-conceicao@example.net,(021) 8796-4452
João Felipe Pires,632.105.948-05,isaacazevedo@example.com,+55 81 4505-3327
Sra. Marina Monteiro,216.395.408-06,hporto@example.org,+55 31 4522-2989
Júlia Azevedo,531.970.842-41,joanabarros@example.net,+55 61 5253 2366
Maria Clara Barros,317.528.906-12,arocha@example.net,(071) 2884 6137
Stella Martins,630.419.258-42,mirella90@example.net,+55 (081) 8504 7428
Diogo Cardoso,758.439.062-56,melissaaragao@example.net,81 0562-4691
Joaquim Costela,473.029.185-97,xduarte@example.com,51 7319 1652
Anthony Melo,132.845.760-53,anthony88@example.org,(041) 3110 0745
Dr. Isaac Sales,318.205.496-15,nunessofia@example.com,0500 316 2006
Heloísa Alves,765.819.403-48,costelamaria-clara@example.net,(011) 8495-1691
Srta. Lorena Almeida,563.709.814-00,arthurfogaca@example.net,(061) 3320-5905
Felipe Gonçalves,097.182.453-32,barbaracardoso@example.net,+55 (084) 8067-0339
Lucca Cavalcanti,186.904.257-30,ryan33@example.org,+55 41 5458-0322
Elisa Costa,258.461.793-55,melissada-rocha@example.net,+55 71 0320-8859
Marcelo Cavalcanti,437.562.108-71,gbarbosa@example.net,+55 (061) 5065 3189
Heloísa da Rocha,193.508.467-48,diegorodrigues@example.com,(084) 2134 7061
Eduardo Costela,431.582.760-62,luiza06@example.net,0500 961 5597
Sarah Mendes,396.702.814-31,antonio10@example.net,11 7410 5900
Maysa da Rocha,936.485.270-29,clarada-cunha@example.org,(084) 3669 8238
Sr. Augusto Lopes,159.732.486-82,barrosbeatriz@example.net,84 4888 7841
Bruno da Cruz,514.203.879-79,da-motadiogo@example.com,(081) 4788 5887
Lorenzo Pinto,935.082.174-50,ocosta@example.com,(051) 3742-5658
Anthony Cunha,401.273.695-70,enzo-gabrielfreitas@example.com,11 7015-6750
Dr. Luiz Henrique Teixeira,946.278.510-49,uda-mata@example.net,84 8043-5722
Lavínia Peixoto,462.510.793-80,gabriel51@example.com,84 8447 3854
Pedro Henrique Barbosa,583.291.067-21,yjesus@example.net,(084) 2133-7624
Emilly Rodrigues,869.754.213-82,ymoura@example.org,(081) 4473-6846
Leonardo Costela,849.753.016-01,da-costalevi@example.org,0500 684 0237
Dr. João Guilherme Ferreira,751.346.028-08,araujobruno@example.org,+55 41 1827-1687
Fernando Peixoto,873.914.256-64,araujomurilo@example.org,+55 21 9881 8290
Esther Caldeira,765.149.028-20,cunhalavinia@example.com,31 5604-1245
Cecília Peixoto,896.501.742-49,gcastro@example.org,0300-880-8957
Maria Fernanda Moura,820.139.675-86,bryanmoreira@example.org,11 3404-0365
Evelyn da Paz,085.396.421-15,goncalvesana-laura@example.com,+55 (081) 2434 5568
Sr. Theo Rezende,950.243.687-38,antoniocastro@example.com,(021) 5911 8811
Igor Nascimento,678.594.130-00,livia11@example.net,+55 (081) 2215-0421
Luna Santos,356.478.219-28,agatha00@example.org,+55 21 9672 8577
Luiz Felipe da Paz,589.173.426-55,araujojoaquim@example.com,(051) 4139 4600
Diogo Oliveira,128.975.036-02,bsouza@example.com,(051) 9158 3825
Nina Costela,630.217.489-96,ana-carolinamoreira@example.com,+55 (021) 8227 2125
Breno Sales,381.769.405-93,freitasrenan@example.net,+55 31 3765-0989
Julia Azevedo,093.782.465-83,uteixeira@example.org,+55 31 3911-7769
Luigi Gomes,023.691.478-22,ana-vitoriadas-neves@example.com,+55 84 2521 2387
Esther Azevedo,061.498.372-03,eduarda93@example.com,+55 (071) 7920-2314
Emanuella Campos,157.368.402-35,beatrizpinto@example.org,+55 (071) 1834-5268
João da Cunha,360.589.271-02,sophiamoraes@example.com,+55 81 2604 6038
Bruna Lima,417.260.359-99,nascimentoarthur@example.net,+55 61 6751-7072
Gabrielly Ferreira,092.356.417-99,das-nevesjoaquim@example.org,+55 21 4718-7919
Pedro das Neves,648.092.137-22,theo73@example.net,71 7028 7054
Luigi Cavalcanti,569.803.247-56,jfernandes@example.net,+55 51 3126 9562
Davi Lucca Pereira,812.573.906-86,ramosbenicio@example.org,11 0781 3960
Thiago da Mata,389.042.516-05,umendes@example.com,+55 84 5767 3225
Carlos Eduardo Peixoto,106.534.792-80,pedro-lucasnascimento@example.net,(031) 3693 2167
Luiz Miguel Novaes,246.875.130-26,joana09@example.com,(041) 8107 9613
Sra. Valentina Novaes,746.285.913-00,pcosta@example.org,61 9737-7384
Raul Ribeiro,798.305.461-01,gnogueira@example.com,(061) 4207 7433
Thales Cavalcanti,301.892.765-68,luiz-otavio49@example.net,61 1537 3580
Lavínia Barbosa,239.785.604-29,gabriela45@example.com,+55 61 9202 0515
Emanuel Gonçalves,693.125.087-68,julia62@example.com,+55 81 2146 6921
Maria Sophia Duarte,135.640.728-53,arthurmoura@example.net,+55 (011) 0272-9401
Srta. Juliana Pires,028.437.561-62,santosbernardo@example.net,(011) 8820-5704
Mirella Caldeira,502.387.196-77,limaagatha@example.org,(061) 8621 1757
Gabriel Lima,370.289.164-13,kamillycardoso@example.com,+55 61 4722-9726
Marcos Vinicius Moraes,582.413.960-15,barbosamariana@example.com,(021) 2832-7560
Helena Rocha,867.190.235-86,marcos-viniciuspeixoto@example.net,(041) 4063 3665
Caio da Cruz,527.460.138-35,alicecavalcanti@example.org,+55 84 5866-8043
Luiz Gustavo da Costa,451.920.387-23,fariascecilia@example.net,+55 11 1712-1360
Fernanda da Cunha,765.231.849-19,caua70@example.net,+55 21 0243 9944
Lívia Lima,419.680.753-48,mendesbreno@example.com,(081) 9211 7519
Davi Luiz Correia,809.672.431-22,ian97@example.org,+55 (021) 3349-0626
Júlia Viana,708.493.152-04,brenda12@example.com,0800-864-4613
Pedro Rodrigues,564.718.293-37,vitor-hugoda-costa@example.org,+55 11 0782-1132
Alice das Neves,608.194.523-51,fmoreira@example.com,84 1090 7486
Isabel Ramos,094.851.672-02,rodrigoduarte@example.org,+55 (084) 6854 7898
Nina Monteiro,351.279.648-64,joao-pedro60@example.net,0900-788-5379
João Pedro Melo,742.683.509-00,ubarbosa@example.net,+55 (061) 2442 5014
Giovanna Fogaça,143.759.086-10,alima@example.net,+55 (051) 7862 5915
Emilly Barros,721.853.946-73,asantos@example.org,+55 (071) 1482 3426
Thales Ferreira,850.219.364-33,stephanyteixeira@example.net,+55 (084) 4936 3951
Ana Lívia Campos,015.736.928-59,iribeiro@example.net,21 9647 2099
Dr. Danilo Oliveira,205.896.734-83,lucas13@example.org,0300-116-8820
Valentina Dias,214.698.507-02,luiz-felipe01@example.org,+55 51 1205 2180
Luiz Otávio Sales,104.659.832-51,marcela89@example.net,+55 (071) 5350-3340
Luiz Felipe Barbosa,520.431.986-70,levi26@example.com,(021) 5493 9393
Maria Sophia Vieira,764.923.810-50,da-cunhadavi-luiz@example.net,+55 (031) 5707-7931
Melissa Fogaça,510.926.347-70,lucca84@example.com,11 4676-7212
Sr. Alexandre Sales,210.745.683-62,mporto@example.net,31 2566-6991
Srta. Ana da Rocha,576.481.923-73,mariacastro@example.net,61 8573 4867
Julia Pereira,185.642.379-46,melissapires@example.com,0300-685-2624
Emanuella Souza,037.268.195-68,kevinoliveira@example.com,+55 (081) 0244 0808
Brenda Santos,024.917.653-06,aragaomiguel@example.net,+55 (051) 6907-7482
Cauê Novaes,384.916.720-87,rochayuri@example.org,31 8897-0270
Gustavo Cardoso,375.069.821-02,liviamendes@example.com,+55 71 0718 1650
Sra. Ana Clara da Paz,163.795.084-57,jda-rocha@example.net,51 6627 6857
Sr. Benício Rocha,563.904.821-24,da-motanatalia@example.org,(031) 8680 1294
Nina da Paz,698.321.574-55,matheus36@example.com,+55 84 4820-8245
Pietra Costela,483.605.921-60,maria-cecilia47@example.net,+55 41 0104 6093
Sofia Moura,672.048.359-56,jporto@example.net,+55 (041) 3183-8395
Pedro Lucas Fogaça,518.629.370-95,igoncalves@example.com,11 8288-2859
Maria Cunha,623.870.154-44,pda-cunha@example.com,0300 249 0502
Srta. Vitória Barros,251.798.036-59,kda-costa@example.com,+55 81 3682 9944
Evelyn Pinto,591.086.742-30,salesamanda@example.net,+55 (071) 6625 0937
Lívia Cardoso,258.146.073-35,snascimento@example.com,(061) 1872-8641
Lucas Gabriel Correia,391.457.208-60,fogacamaria-alice@example.org,84 0138-4809
Alexia da Rosa,249.708.165-49,cardosothales@example.com,11 2618-1464
Luiz Felipe da Rocha,083.567.941-10,camposarthur@example.org,+55 51 6150 4754
Benjamin Pires,385.270.146-53,dferreira@example.com,(031) 3021-4363
Srta. Joana Viana,257.408.936-74,uviana@example.net,31 2491-0370
João Vitor Barbosa,974.826.305-38,fdas-neves@example.com,+55 (031) 9870 6565
Heitor Farias,103.492.678-04,camposmarcelo@example.com,+55 (031) 3682-4187
Dra. Maria Fernanda Silveira,946.381.725-55,maria-clarabarbosa@example.com,(021) 7194-8308
Natália Castro,267.354.908-00,jesuspedro-henrique@example.net,0900-318-3919
Olivia Nogueira,573.140.982-04,isismelo@example.org,61 9241-0953
Sr. Joaquim Ribeiro,638.057.194-93,vlopes@example.com,31 7202-9073
Daniel Mendes,058.421.673-44,omoura@example.org,+55 11 5341-7787
Juliana Fernandes,786.123.059-77,thomasporto@example.org,(021) 4096 0781
Enzo Gabriel Rodrigues,973.458.601-75,ian11@example.org,+55 (084) 4485-0017
Eduarda da Cunha,709.413.268-96,da-rochayuri@example.net,31 4236-6507
Lucas Gabriel da Rocha,458.712.690-01,elisa76@example.net,(084) 5395-7372
Augusto Novaes,380.624.579-74,pietra85@example.org,(071) 9376 3150
Thiago Lopes,852.630.479-83,eduardomoraes@example.org,(081) 0427 4422
Daniela Almeida,465.789.321-19,marcelopeixoto@example.com,+55 (081) 6904 1778
Vicente Monteiro,807.135.924-60,limadiogo@example.net,+55 (031) 4743-1226
Vitória Pinto,862.135.704-62,luiz-henriquebarbosa@example.org,+55 81 6724 1547
Maysa Teixeira,904.628.315-15,meloeduarda@example.net,+55 61 6382 3951
Anthony Martins,693.802.547-92,maysacostela@example.org,0300-971-0082
Davi Luiz Costa,217.083.564-44,mariane69@example.net,61 2923-3271
Francisco Nunes,072.539.164-25,beatrizcastro@example.net,+55 (011) 6771-3496
Dr. Gustavo Nascimento,598.703.162-12,hsilveira@example.com,(081) 5923-7740
João Gabriel Gomes,293.140.768-22,duarteana-laura@example.net,+55 (081) 1519-1238
Vitor Gabriel Oliveira,340.157.928-23,daniel92@example.org,+55 61 3957 6747
Sr. Bryan Dias,023.197.586-40,goncalvessabrina@example.com,84 5489-1480
Sra. Mirella Lima,940.172.368-04,nascimentojoana@example.com,(081) 8244-5814
Isaac Fogaça,432.915.706-34,salesaugusto@example.net,61 8709-1408
Sr. Enzo Lopes,187.354.609-20,juanteixeira@example.com,+55 (051) 4120 2033
Maria Julia Jesus,045.938.126-15,qazevedo@example.net,(084) 8306-1722
Nina da Mata,854.621.397-64,fariasmaysa@example.org,+55 (041) 4834-3289
Dr. Matheus Nunes,396.241.780-03,emanuelly72@example.com,+55 (031) 3601 1464
Benjamin Rocha,245.836.710-08,maria-luiza63@example.org,+55 (041) 7342 5394
Lucca Pereira,806.957.243-47,martinsvicente@example.com,+55 51 2222 2954
Sr. Ryan da Luz,495.210.763-99,luanada-paz@example.net,+55 (031) 8274-5606
Emanuel Nunes,461.287.509-58,moreirabryan@example.com,+55 (081) 7682-9910
Sofia da Costa,102.576.983-02,das-nevesjoana@example.org,61 2734-5532
Larissa Moraes,450.792.681-58,teixeiraluiz-fernando@example.net,+55 (011) 9355 0242
Daniel das Neves,326.914.807-04,fogacaisis@example.com,31 0579 7349
Srta. Júlia Rocha,492.837.560-29,souzavitor-gabriel@example.net,0800 231 3078
João Lucas Farias,589.074.231-05,erick99@example.net,+55 (081) 8321-0062
Natália da Cruz,138.496.057-01,maria-sophiadas-neves@example.com,+55 51 7300 5817
Ana Lívia Almeida,046.539.827-83,joao-pedro81@example.com,71 8274-2674
Thomas das Neves,806.294.315-15,pedro-lucaspereira@example.net,61 6123 0971
Mirella Barbosa,758.931.426-91,isadorada-cunha@example.com,71 5749 2823
Ana Sophia Mendes,782.603.145-17,santosmurilo@example.com,84 1353 1695
Srta. Mariana Fernandes,107.265.893-30,qpires@example.org,(071) 2054-8977
Isabelly Silveira,340.896.215-42,correiaana-vitoria@example.net,+55 (011) 2489-4095
Valentina Cardoso,135.986.204-89,ana-luiza98@example.net,(061) 5864-0094
Cauã Cardoso,254.967.013-25,joaquim58@example.com,+55 (011) 3845-8965
Dr. Vitor Carvalho,510.963.287-12,pedro-miguelda-costa@example.com,(061) 8612-1486
Srta. Luiza Ribeiro,198.053.276-12,joao48@example.org,+55 (021) 9540-5271
Ana Júlia Araújo,709.426.153-52,diogosilva@example.net,(031) 0108 9493
Cauê Rezende,483.150.726-17,nascimentofernanda@example.net,81 3587 5508
Luiz Miguel Lopes,871.023.569-86,camposalexandre@example.net,51 5768 8821
Otávio Alves,158.407.623-26,correiaemanuel@example.com,+55 (051) 7221 0589
Kevin Pinto,180.435.726-07,nascimentocalebe@example.org,+55 (041) 4180-8387
Dr. Thales Nunes,514.863.097-39,das-neveserick@example.net,41 6501 4461
Vitor Gabriel Jesus,968.452.713-64,correiarafael@example.net,+55 71 5930 2918
Calebe da Rosa,198.640.723-31,costelalara@example.com,+55 (081) 7787-8246
João Felipe Fernandes,168.743.902-87,nicolas04@example.net,+55 51 4823 6070
Srta. Milena Martins,730.925.816-95,scunha@example.org,0300 129 0466
Luna Oliveira,287.395.610-03,renan84@example.org,(041) 3795 4475
Joana Moraes,682.043.715-35,camilasantos@example.org,+55 (084) 8215-0053
João Gabriel Fogaça,978.435.621-09,oliveirafernanda@example.com,81 5509 0461
Gabriel Mendes,439.561.720-43,oribeiro@example.org,+55 84 7755-7201
Ryan Ribeiro,604.271.358-26,antonio54@example.org,+55 (021) 5543 9341
Maria da Mata,129.573.406-07,vitor21@example.net,84 2104 9826
Ana Beatriz Peixoto,724.153.609-61,brezende@example.org,+55 (021) 9475 7230
Dra. Olivia Ramos,237.096.548-74,samuel40@example.com,+55 (084) 6125 3943
Sr. Enzo Viana,168.235.749-09,mnogueira@example.net,+55 (021) 2158-2156
Isabelly Sales,160.924.357-99,gmartins@example.org,81 2053-6908
João Felipe da Mota,679.138.024-13,maria-cecilia71@example.net,+55 21 2141-7559
Letícia Cardoso,905.768.123-40,da-rosaarthur@example.com,+55 21 5008-9942
Eduarda Silveira,035.164.298-60,doliveira@example.net,(071) 4291 2072
Isabelly Carvalho,743.165.298-46,ugoncalves@example.net,(061) 9573 5092
Nicolas Mendes,645.087.931-93,tmoreira@example.org,+55 (051) 2380 1343
Rafael Castro,743.601.825-62,silveirapaulo@example.net,+55 (021) 7804 8683
Gustavo Henrique Azevedo,365.172.084-53,dteixeira@example.org,0900-982-8351
João Felipe da Mota,150.268.397-03,joao79@example.net,41 1728 9907
Sra. Ana Laura Cavalcanti,413.968.057-10,luigicostela@example.com,+55 (084) 5746-0110
André da Mata,457.962.380-00,gabrielalves@example.org,41 2183-6446
Ana Carolina da Luz,328.190.576-59,qsouza@example.net,81 5654 9619
Sra. Alice Silva,254.709.683-83,yda-paz@example.net,(041) 7647-3511
Sr. Lucca Cavalcanti,754.390.261-34,pereiracalebe@example.com,11 6825 5147
João Vitor Silva,238.159.604-60,monteiroeduardo@example.net,(071) 3254 7563
Cauê Pires,847.051.963-84,vbarros@example.com,+55 (081) 6966 0147
Ana Laura Correia,730.954.128-60,vitorda-rocha@example.org,11 9779-8820
Diogo da Mota,043.619.582-89,osales@example.org,61 3583-7505
Srta. Giovanna Rocha,365.270.189-59,castrocaio@example.org,+55 11 3144-7877
Luiz Miguel Pires,637.824.051-53,bcastro@example.com,+55 (041) 8718-1716
Bryan Correia,085.172.936-30,sabrinasantos@example.net,+55 61 9670-5434
Ryan Viana,218.970.356-59,ufogaca@example.net,+55 (084) 9509-6335
Ana Clara Carvalho,368.142.750-07,xcardoso@example.net,+55 (061) 9064-3598
Isadora Barros,826.019.457-02,wferreira@example.net,+55 31 6119 6345
Pedro Martins,681.940.357-75,castroandre@example.org,+55 31 8618-9010
Caroline Pires,895.176.023-59,fariasaugusto@example.org,0800-556-1269
Júlia Mendes,562.943.108-06,natalia57@example.net,+55 (011) 8470-5551
Leonardo Nascimento,238.947.160-96,maria-eduardanunes@example.org,(071) 3040 0486
Ana Beatriz Nascimento,846.917.530-01,da-luzbernardo@example.net,+55 61 3573-5345
Emanuella Moraes,403.679.215-61,correiayago@example.com,81 1646-7030
Lucas Moura,430.218.569-42,alexandrealves@example.org,(041) 0526 8845
Letícia Rodrigues,461.753.290-07,ana-claraferreira@example.net,84 6609 6533
Erick Moura,613.947.028-50,ynovaes@example.com,0900-950-7548
Carlos Eduardo Ramos,980.417.325-50,da-rosalara@example.net,0500-089-0519
Srta. Julia Melo,785.260.439-00,mourabruno@example.org,81 7072 9619
Henrique Viana,794.801.253-23,laraoliveira@example.net,+55 (011) 0580-3583
Renan Rocha,523.698.104-24,opires@example.org,+55 (011) 6509 8118
Sabrina Cunha,761.829.354-64,diego09@example.com,0800-977-0111
Ana Lívia Freitas,350.764.829-65,jlopes@example.com,+55 84 8852-5453
Mirella da Paz,920.514.678-11,paulo81@example.org,+55 (041) 6590-4990
Larissa Alves,726.430.581-35,nascimentosofia@example.org,11 5577-6205
Dr. Enrico Farias,824.607.591-85,leonardo90@example.net,0900 477 6021
Ryan Dias,159.468.720-01,bcardoso@example.com,(071) 0659-2273
Dr. Isaac Ramos,873.406.291-22,caldeiralaura@example.org,+55 31 3959-2069
Dr. Gustavo Henrique Santos,701.348.296-03,barrosjoao@example.org,+55 84 5919 0761
Srta. Sophia das Neves,738.916.204-03,brunocampos@example.net,+55 (031) 0219-5173
Davi Luiz Duarte,384.129.065-51,meloantonio@example.org,+55 (084) 9126 0600
Davi Luiz Correia,805.369.217-68,pduarte@example.com,84 5195-5332
Fernando da Conceição,681.720.495-01,kferreira@example.org,21 3772-9440
João Lucas Correia,035.462.978-65,carvalhosophia@example.com,+55 (021) 5257 3465
Alice Rodrigues,268.015.943-89,ecavalcanti@example.net,+55 (051) 5565 5547
Clarice Rodrigues,018.736.245-90,valentinalima@example.net,0800-815-9396
Raquel da Cruz,935.617.240-43,araujolucca@example.net,11 3186 1591
Isabella Caldeira,514.387.029-14,vnovaes@example.com,+55 (031) 8093-4251
Diogo Cardoso,690.518.743-75,diego69@example.org,+55 31 9534 8571
Levi Ribeiro,491.726.850-85,kevinbarros@example.com,(084) 8665-9358
Vicente Teixeira,075.163.924-99,apinto@example.net,(011) 2876 2563
Ryan Silveira,238.096.471-87,tda-rocha@example.com,31 7618 7904
Dr. João Miguel Campos,219.748.503-23,moraespedro@example.com,+55 (031) 5749 8967
Luiz Fernando Barros,840.123.679-78,felipe38@example.org,+55 51 8816 1486
João Vitor Silveira,130.284.967-04,diasvalentina@example.net,+55 31 0460 5940
Mariana da Mata,460.837.192-40,aalmeida@example.net,0300-321-7213
Dra. Isadora Alves,790.364.285-56,giovannarezende@example.org,+55 (041) 3639 5244
Heloísa Alves,301.945.268-60,ooliveira@example.com,(011) 0679-5930
Arthur Duarte,756.219.034-80,da-cruzeduarda@example.org,+55 31 6678-3574
Davi Lucas da Cunha,854.791.632-64,kevinazevedo@example.org,84 0288 0358
Stella Costa,158.296.473-46,camila18@example.net,(081) 0702 8081
Breno Viana,190.253.486-70,almeidalivia@example.net,(011) 3741 3997
Clarice Fogaça,836.429.750-38,azevedoemanuella@example.com,+55 41 0563 1834
Stephany Ramos,386.907.145-10,pedroalmeida@example.com,+55 81 6467 8835
Thiago Caldeira,258.301.946-51,esthermendes@example.net,+55 21 8658-0732
Cauê Cardoso,940.635.812-33,da-cruzana-clara@example.org,21 3132 1809
Diego Campos,690.278.314-40,carlos-eduardo85@example.net,+55 71 9329 7941
Dra. Alexia Fernandes,350.261.947-61,da-costaalexia@example.net,+55 (081) 5097 9680
Heloísa Oliveira,734.915.028-88,sda-costa@example.com,+55 81 1976 9028
Joaquim Alves,031.745.986-48,novaesluigi@example.com,(071) 4723-9886
Maria Julia Cunha,892.013.467-78,teixeiraemanuel@example.org,31 8677-2776
Carolina Barbosa,189.207.546-67,leandro17@example.org,+55 51 9310 1548
Juliana Cardoso,356.480.219-33,joao-vitor93@example.org,0800-606-7900
Clarice Nascimento,892.457.103-60,bruna15@example.com,+55 31 9714-8176
Arthur Ribeiro,983.710.462-78,gustavo83@example.net,31 3727-3443
Nina Peixoto,851.732.469-28,duartebarbara@example.com,(071) 4885-6042
João Guilherme Ramos,309.246.185-15,camposdavi-luiz@example.org,+55 71 1950 6178
Joana Barros,632.578.019-12,rafaela70@example.net,+55 81 0766-0200
Bruno Farias,741.908.253-79,alexiadias@example.org,+55 21 2898-0667
Isadora Ribeiro,057.946.132-70,enzo02@example.com,21 1276 1055
Dra. Maria Fernanda Rocha,614.850.297-67,leticia52@example.org,(041) 6030-5826
Pietro Souza,308.429.176-40,cauasilva@example.net,+55 84 3049-8982
Dra. Sophie Martins,527.489.601-49,costadavi-luiz@example.com,(041) 0436 1553
Maria Eduarda Dias,196.705.342-16,giovannacastro@example.com,(021) 6923 4525
Emanuelly Moura,271.096.835-59,joaquim46@example.com,+55 21 2749-3965
Ian Novaes,482.763.910-87,alexandresouza@example.com,71 0245 9596
Isabelly Costela,951.408.637-66,yda-cruz@example.org,+55 61 2761 0888
Helena Lopes,465.793.201-25,gcorreia@example.org,61 9215-6567
Breno Souza,627.309.518-30,davi-luccaalves@example.org,41 2171-7813
Srta. Luiza Costa,163.847.052-90,salesrebeca@example.net,0500 706 5979
Bruna Silva,296.871.043-50,pribeiro@example.net,+55 (021) 5516 5233
Rafael Cardoso,413.957.028-88,brendada-rocha@example.com,21 4888 5818
Marcela Dias,401.956.278-49,souzadavi@example.com,+55 (011) 2396-1145
Isis Freitas,531.946.870-93,da-pazsophie@example.com,21 2506 5741
Ana Beatriz Oliveira,706.519.238-59,daniel03@example.org,21 4871 6086
Melissa Pires,431.865.702-71,danielapinto@example.net,0300-034-9343
Giovanna Martins,617.523.948-28,da-matafrancisco@example.net,(061) 2458 3906
Srta. Raquel da Mata,681.720.395-30,joao49@example.com,+55 (071) 5629 4452
Caio Freitas,237.149.560-34,iannunes@example.org,0900 322 3517
João Vitor Rodrigues,809.416.257-02,vmoreira@example.com,+55 (051) 8894 4647
Dra. Eduarda Rodrigues,928.756.401-94,tvieira@example.com,0800-215-0530
Maria Julia Duarte,809.562.714-30,bdias@example.net,(011) 9933 7012
Maria Alice Duarte,526.983.714-55,emilly06@example.org,+55 41 7941 2239
André Azevedo,652.914.307-61,rezendelara@example.org,(061) 6156-4803
Caroline Melo,254.013.698-24,ida-costa@example.com,(071) 2699-1757
Helena da Costa,138.952.407-88,ana-julia31@example.net,+55 (051) 7889-0995
Luiz Felipe Teixeira,158.093.247-97,pedro-henrique91@example.org,0900-018-7270
Sr. Davi Lucca da Cunha,457.398.210-88,pietrofreitas@example.com,0900-817-2830
Gabriela Duarte,763.940.521-16,costelajulia@example.com,+55 81 1431-7475
Bruno Cardoso,241.076.895-49,santoshelena@example.com,(081) 1217-0279
Marcos Vinicius Gonçalves,794.016.258-67,ypeixoto@example.com,31 1623-4111
Olivia Campos,416.807.329-78,luiz-fernandosales@example.org,81 1098 6459
Leonardo Jesus,487.152.096-01,pedro-migueljesus@example.net,51 9589 5669
Theo da Luz,794.213.658-28,lorenacardoso@example.com,+55 71 5273-2571
Maria Teixeira,578.609.123-68,vda-cunha@example.com,+55 11 6377 6624
Rafael Cavalcanti,263.107.459-99,lavinia80@example.org,0300-303-9393
Daniela Viana,741.639.250-07,qlopes@example.net,+55 (021) 4243 2165
Eduarda Pinto,967.452.831-82,monteiromaria-luiza@example.org,+55 61 4425 7835
Ana Lívia Pereira,596.172.480-85,pedrogomes@example.com,(084) 8988-2253
Francisco Alves,549.708.361-75,vda-cunha@example.org,11 9279 4965
Diego Nascimento,217.854.369-37,fernandesolivia@example.org,+55 71 1350-5520
Rafaela Peixoto,407.318.659-01,esales@example.net,+55 (081) 1147-0036
Dr. Miguel Gomes,729.518.634-46,isadoracaldeira@example.org,+55 71 0138 6895
Bianca da Luz,647.159.382-19,wda-conceicao@example.org,41 1539-2256
Isaac da Paz,268.091.347-78,correianicolas@example.org,0900 718 4706
Ana Beatriz Dias,432.580.761-62,maria-eduarda07@example.net,61 5225-6588
Ana Sophia Pires,706.421.358-35,vnovaes@example.org,(021) 4045-8914
Dr. Yago das Neves,460.872.531-90,lcaldeira@example.org,+55 (071) 2193-1646
Ana Luiza Moraes,592.068.147-02,pfarias@example.net,51 6645 1663
Alice da Rosa,460.982.371-31,danielcardoso@example.com,+55 (061) 9910-0891
Srta. Maria Cecília da Cunha,182.769.534-09,biancanovaes@example.org,+55 (081) 3309 9324
João Lucas das Neves,359.624.810-89,marcelamoraes@example.net,+55 (051) 3787 8827
Dr. Daniel Campos,840.673.129-03,koliveira@example.com,+55 84 4887-7703
Ana Clara Ribeiro,589.420.763-00,caiocaldeira@example.com,51 0374 8175
Srta. Ana Cunha,910.425.738-32,cduarte@example.net,+55 (031) 7190-2513
Camila Silva,490.756.813-48,zmartins@example.com,+55 21 1860 8412
Augusto Pereira,903.714.825-50,lais38@example.org,+55 (071) 6218 8866
Emanuel das Neves,093.726.581-03,vianaluigi@example.net,41 0469-0107
Benjamin Barbosa,041.837.962-96,da-cruzisabelly@example.net,+55 (011) 9765 3676
Ana Clara Novaes,820.971.356-68,ceciliaaraujo@example.net,+55 11 2386-9443
Davi Luiz Correia,573.169.402-80,hnascimento@example.com,84 1226-7474
Thiago da Mata,604.892.571-94,nlopes@example.com,(084) 8278 4887
Maria Fernanda Ribeiro,859.613.024-15,luiz-felipecosta@example.org,11 2434 6234
Pedro Miguel Caldeira,860.357.941-57,hcavalcanti@example.org,41 9810-5048
Gustavo Henrique Pinto,963.057.124-25,da-cruzmelissa@example.net,41 9564-3566
Valentina Peixoto,967.803.514-66,luiz-fernando77@example.com,41 9462 4619
Pedro Lucas Ramos,269.853.407-92,tsouza@example.org,(051) 8425-6006
Lara Costela,029.541.836-24,almeidaeloah@example.com,+55 31 9065-9310
João Lucas da Conceição,627.513.480-17,yviana@example.net,+55 (031) 8074 7321
Valentina da Rosa,156.089.273-03,azevedoluana@example.net,+55 (051) 1508 9618
Esther da Conceição,952.178.043-60,costelaana-carolina@example.net,(021) 6757 9034
Dr. Calebe Oliveira,756.138.094-10,osantos@example.net,71 0890 8030
Luiz Gustavo da Costa,237.485.916-91,daniel50@example.net,+55 61 8866 7073
Maitê Campos,083.645.729-38,da-cunhamarcelo@example.org,+55 (081) 4598 7476
Srta. Nicole Novaes,517.932.640-07,cfarias@example.com,+55 (071) 7588-8539
Luiz Gustavo Ferreira,509.871.436-20,mendesmaria-luiza@example.org,+55 71 5978-3818
Sra. Ana Clara Moraes,795.304.682-29,guilherme52@example.net,+55 84 5366 2465
Francisco Cunha,780.453.961-48,balmeida@example.org,+55 (011) 0130 9060
Vicente Rocha,014.327.698-04,tfarias@example.com,0900-016-8471
Pedro Lucas Vieira,853.096.472-10,nferreira@example.org,(061) 5886 2384
Mariana Castro,502.768.491-67,otaviocastro@example.net,+55 (084) 9973 7333
Sr. Rafael Costa,048.167.239-78,joao-gabrielporto@example.net,(011) 9337 2248
João da Rocha,014.625.389-24,wda-costa@example.org,21 6106 5965
Luiz Felipe Dias,038.279.145-23,helenacaldeira@example.net,21 5417 5414
Lucca da Paz,957.804.123-32,azevedobianca@example.com,84 0454-7369
Ana Laura Sales,031.796.248-50,da-pazlorena@example.org,(021) 5407-3730
Renan da Luz,750.921.463-70,fcavalcanti@example.net,+55 (081) 3970-4241
Dr. Ian Melo,439.807.561-57,cmelo@example.org,+55 (031) 7617-3574
Julia Duarte,236.198.507-12,isaacpereira@example.com,+55 (081) 6801 7160
Kaique Novaes,453.709.618-75,vianacaroline@example.org,(011) 2305-0700
Ana Sophia da Luz,672.598.043-00,diegoda-cunha@example.net,+55 (021) 8056-1264
Ana Carolina Ribeiro,245.790.813-23,fsales@example.org,(041) 9501-5219
Fernanda Silveira,823.495.761-91,sfernandes@example.com,81 8662 9478
Srta. Mariana da Mota,143.705.926-07,nogueirakaique@example.com,0300-693-9819
Thiago Silveira,085.143.296-42,heloisada-paz@example.net,+55 (061) 0627-3529
Isis Farias,493.765.821-28,carolina62@example.org,+55 11 5313-2544
Vicente Pires,859.017.426-30,joao-vitor64@example.com,(051) 1034 6190
Luiza Teixeira,873.106.254-71,barbosabruno@example.net,(041) 1307 4779
Sr. Pedro Henrique Alves,280.164.573-71,bernardofarias@example.com,+55 84 7800-6168
Sr. Murilo Silveira,358.276.190-86,lucas-gabriel56@example.org,+55 (084) 7503 4115
Nicolas Souza,803.619.475-93,maria47@example.com,+55 (051) 3908-0874
Sr. João Pedro Ramos,046.917.235-52,maria-eduardafogaca@example.net,0300-181-9121
Mariana Pires,432.869.071-03,rebecacampos@example.com,31 9368 2860
Dr. Luiz Miguel Azevedo,071.348.962-69,oteixeira@example.com,+55 31 5580-9131
Alana Carvalho,310.296.574-16,pedro-lucaspereira@example.net,+55 41 9596 3960
Leonardo Correia,351.964.087-20,pcorreia@example.net,+55 41 9174 3582
Alexia Sales,176.980.425-02,pintojuliana@example.org,0300 345 8211
Eloah Correia,170.358.926-21,liviada-cruz@example.org,0300-332-0986
Maria Julia Gonçalves,387.269.504-56,mariane15@example.org,84 8911 8625
Francisco Pires,604.529.318-51,vitor90@example.org,21 7588-6310
Davi Lucas Caldeira,132.504.967-07,diego02@example.org,(041) 5049-7948
Rafael Ferreira,965.418.027-85,ksouza@example.net,(011) 4621 3522
Ana Carolina da Costa,675.432.908-47,ceciliasilva@example.net,0500 578 0900
Beatriz Cardoso,296.450.817-85,moraeserick@example.net,+55 51 2814 6012
Bianca Oliveira,678.453.920-65,caldeiraana@example.org,(011) 7952-9685
Sr. Murilo Duarte,176.589.234-19,ucunha@example.net,+55 11 8647 4028
Paulo Ferreira,619.583.240-51,msales@example.com,0500 373 0049
Noah Peixoto,512.378.960-02,xpires@example.org,+55 11 4823-2546
Manuela Jesus,493.821.056-89,acastro@example.com,+55 61 3961-3177
Srta. Ana Julia Souza,538.017.269-59,jda-paz@example.net,+55 51 2903 9228
Pedro Henrique Peixoto,745.261.938-28,ipereira@example.net,(021) 4355-0336
Fernando Moraes,752.189.460-01,alana09@example.org,+55 (071) 1836 3817
Lucca Costela,140.783.956-00,emoraes@example.net,+55 (021) 0549-4889
Maria Vitória Mendes,364.918.527-09,beatrizmelo@example.org,+55 11 9804-8482
Paulo Silveira,456.210.983-15,juliana12@example.net,+55 (011) 4239-4131
Isabella Gomes,041.296.358-24,mduarte@example.net,+55 81 9039-3067
Davi da Rosa,769.431.852-09,barrosclara@example.com,+55 81 7978-8009
João Pedro Pereira,218.579.340-32,davi-luiz10@example.net,+55 11 6399 6603
Gustavo Farias,384.510.267-53,jaragao@example.org,+55 (081) 0113 8686
Sophie Rezende,352.894.160-05,carvalhomariana@example.net,(071) 9249-6372
Igor Farias,697.825.341-37,joaquimda-conceicao@example.com,+55 (061) 6478 9545
Pedro Henrique Nascimento,024.173.596-34,yribeiro@example.com,+55 84 3378 2448
Isis Dias,829.416.730-40,eduardorocha@example.org,84 7868 2741
Luiz Henrique Sales,852.934.107-41,mrodrigues@example.net,+55 (071) 0317-2206
Luna Freitas,718.260.439-69,maria67@example.net,0500 840 0980
Nathan Correia,287.649.150-85,pedro-lucasazevedo@example.com,+55 (084) 8983-5496
Vitor Hugo da Luz,049.762.831-78,onascimento@example.net,(081) 5085-0502
Sr. Arthur das Neves,053.217.648-08,uda-rosa@example.org,+55 41 5479-3313
Dr. Samuel Nogueira,321.465.097-16,marcelobarros@example.net,31 5384-7881
Dr. Theo da Conceição,037.952.681-68,bryanbarros@example.com,0800-331-6690
Sra. Natália Novaes,837.492.516-73,clarice42@example.org,(021) 5271-4132
Leonardo da Cunha,390.687.512-12,qoliveira@example.net,(041) 1649-6283
Nicolas da Mota,714.526.389-00,costaana-livia@example.net,(061) 4254-5426
Diogo Porto,251.730.896-95,salesemanuella@example.org,+55 81 7735 4134
Luana da Cunha,063.721.495-16,olivia00@example.net,+55 (081) 8829-5298
Srta. Letícia Araújo,471.653.289-55,diogocunha@example.org,+55 84 4677-0435
João Guilherme Carvalho,024.867.913-96,hcosta@example.com,(051) 0131 7570
Laís da Mata,281.905.634-24,rcostela@example.net,+55 61 4958 4351
Brenda Gomes,415.378.260-26,rodriguesfernando@example.com,+55 (061) 3778-7749
Leandro Castro,065.813.279-21,olivia59@example.org,+55 31 3902-4171
Maria Vitória Melo,607.415.982-30,diasandre@example.com,+55 31 3396 6777
Augusto da Paz,780.642.395-83,osales@example.com,(081) 5907 6000
Srta. Clarice Costela,631.204.857-80,duartedavi-lucca@example.com,+55 (041) 3583-2091
Mirella Moura,620.489.153-70,maria-alicepinto@example.com,+55 (041) 4194-5056
Francisco Correia,902.548.731-97,oduarte@example.net,21 0886 4066
Alice Melo,682.094.357-10,pietroteixeira@example.com,61 4399-0055
Srta. Carolina Fogaça,157.032.469-70,fnascimento@example.com,+55 81 0245 9216
Elisa Correia,140.358.697-75,pedrorocha@example.org,+55 41 4446 8829
João Lucas Almeida,405.931.762-43,sophie34@example.com,(071) 2716-7866
Ian Oliveira,235.670.891-02,anaduarte@example.com,+55 31 5116-5009
Milena Costa,589.361.247-73,vicenteda-luz@example.net,+55 (011) 6475-8523
Carolina Nascimento,462.130.578-62,beniciopinto@example.com,+55 (021) 5005 3762
João Vitor Martins,358.642.970-38,levilima@example.net,+55 11 2804-6807
Ana Clara Castro,641.305.279-16,cardosothomas@example.org,0800-454-6833
Dr. Felipe Nogueira,981.457.203-97,alopes@example.org,71 5709 7440
Carolina Pires,807.391.526-02,santosmariane@example.net,81 7466-9927
Alexandre Castro,094.275.368-29,joao68@example.com,11 0858 8990
Laura Azevedo,642.819.750-20,yfogaca@example.net,61 5143 2882
Dr. João Felipe Barros,214.903.568-51,ycardoso@example.org,71 7928 9277
Gabriel Teixeira,957.401.682-01,alexia66@example.org,(071) 8543-8439
Dra. Sophie Silva,057.839.426-00,dnogueira@example.com,51 6298 2015
Francisco Santos,092.385.167-40,bruno21@example.com,+55 71 6118 5544
Lorena Dias,507.918.246-67,iferreira@example.net,+55 (071) 3420 0049
Srta. Milena da Costa,678.901.532-95,moreiraesther@example.org,61 3033-0957
Alana Pereira,651.230.794-16,wcardoso@example.net,+55 (071) 0710-3102
Cauã Monteiro,921.684.357-82,carvalhomaria-luiza@example.net,51 7954 1892
Milena da Costa,651.830.472-35,luizateixeira@example.com,41 4801 5610
Noah Monteiro,937.042.618-31,umartins@example.net,+55 84 9760 5094
Sra. Laura Pires,541.708.963-00,wmonteiro@example.org,(061) 8724-0280
Sra. Ana Sophia Rezende,813.056.279-03,smoura@example.com,(011) 5222-6297
Helena Silveira,984.562.017-58,sophia82@example.com,+55 (051) 6669-3034
Thiago da Cruz,963.082.471-03,marianada-rosa@example.org,+55 (061) 5244 2836
Luiz Otávio Gonçalves,623.057.819-03,correiajoao-vitor@example.net,+55 (081) 9576 9336
Clara Pinto,351.062.847-08,bnascimento@example.org,+55 51 3996 5998
Guilherme Rodrigues,157.832.096-86,isabellymartins@example.com,+55 84 7811 2742
Marcelo Duarte,946.831.250-05,fporto@example.org,61 9684 6038
Yago da Cruz,981.634.057-75,ana-luiza97@example.net,+55 (081) 3399-4682
Sr. Samuel da Costa,478.039.265-92,barrossamuel@example.net,31 6295-3968
Benjamin Carvalho,705.296.143-16,cecilia95@example.org,(061) 1763 1266
Vinicius Costa,082.769.531-40,ana-sophiasilva@example.org,+55 21 3318-3719
Ana Sophia Pinto,892.143.067-96,maria-eduardasouza@example.net,+55 (021) 5762-5752
João Miguel Nunes,967.423.085-83,mmartins@example.com,+55 31 0045 1039
Srta. Heloísa Araújo,397.461.280-78,luiz-felipe16@example.org,41 4743-3911
Raul Oliveira,195.084.736-57,natalia44@example.com,+55 (084) 7570-6625
Caroline Nogueira,682.174.509-94,asouza@example.com,+55 11 8128 9102
Fernanda Dias,059.167.842-01,raquel78@example.net,0800 672 8332
Dr. Bruno Costela,519.874.620-76,ocorreia@example.net,11 4229-4736
Maria Vitória Teixeira,937.806.542-29,ferreiralavinia@example.com,+55 61 8128-3466
Isabella Fogaça,319.507.826-03,mcastro@example.com,+55 (021) 2318 8171
Maria Julia Araújo,031.476.528-07,ana-sophiacampos@example.com,+55 (051) 9013 3404
Maria Sophia Caldeira,309.541.768-39,gabriela40@example.net,(071) 3401-4332
Luiz Gustavo Freitas,052.641.783-80,santosbeatriz@example.org,0300-682-7281
Yuri Vieira,483.961.075-48,limaaugusto@example.com,(021) 4285 0433
João Felipe Fernandes,094.586.317-93,cecilia57@example.org,(084) 6238-5778
Dr. Rafael Moreira,398.647.210-03,isabellamartins@example.net,+55 51 6757 8570
Emanuel Barros,731.096.582-59,milenagomes@example.org,+55 (071) 3667 7320
Dra. Caroline Moraes,179.826.034-40,rmartins@example.org,+55 21 4688-0701
Vitor Hugo Silveira,638.270.519-59,vitoria82@example.net,41 3973 7364
Sra. Rafaela Castro,047.392.568-00,sferreira@example.net,+55 (021) 9111 8951
Enzo Gabriel Ferreira,638.721.450-53,luiz-miguelda-costa@example.org,+55 41 0537 6459
Yago Moreira,325.067.918-68,xpeixoto@example.com,(051) 7715 0675
Ana Clara Silva,769.542.801-94,nogueirabenjamin@example.com,+55 81 9639 5239
Emilly Carvalho,271.854.396-55,larissada-cruz@example.com,+55 (021) 6114-5882
Caroline Araújo,763.192.058-30,vsouza@example.net,+55 51 6451 0832
Anthony Silveira,586.743.021-90,ian80@example.com,+55 (011) 5825 0735
Esther Rodrigues,807.316.529-59,bruna93@example.net,+55 (041) 5616-9053
Alice Nogueira,956.413.207-06,stephany79@example.com,84 5893-6145
Lavínia da Cruz,521.683.490-70,pereirasophia@example.com,+55 41 5176-3912
Lavínia da Rosa,381.642.509-70,enzo83@example.org,+55 (031) 7030-0676
Francisco Rocha,216.098.435-33,vianaolivia@example.com,71 3906 8713
Heloísa Rezende,352.701.689-95,melocaroline@example.org,0900-823-7674
Isabella Martins,863.471.952-91,bruna95@example.net,+55 (021) 2056 3139
Thales Mendes,391.520.478-14,omonteiro@example.org,(081) 5139-9263
Pedro da Mota,048.739.125-04,novaeslaura@example.org,+55 84 3260 2065
Kamilly Gomes,082.514.736-08,erick59@example.net,21 8493 9103
Pedro Miguel Jesus,504.316.298-89,zramos@example.net,+55 (041) 2845 1142
Srta. Isabella Correia,216.803.459-15,marcelo76@example.net,51 9836 7538
Sra. Heloísa Mendes,659.314.028-70,xnunes@example.org,0300 785 1966
Vitor Porto,214.837.096-04,tmoreira@example.com,+55 (081) 8837-4057
Vinicius Araújo,287.694.031-04,zmoreira@example.org,81 7898-8473
Alice Santos,621.980.534-89,zcorreia@example.com,(071) 3574-4821
Rafaela da Cruz,459.312.870-60,souzajuan@example.com,+55 71 8638-8446
Alícia Azevedo,159.378.062-12,nascimentoalana@example.net,+55 (071) 3720-0296
Alana Correia,369.728.105-40,costadaniel@example.net,+55 (011) 0168-7979
Sr. Renan da Costa,294.581.037-97,cavalcantipedro-henrique@example.org,(011) 7982 2023
Levi Gomes,173.940.256-16,peixotodavi@example.com,(041) 9796 4031
Sr. João Vitor Viana,169.205.837-12,correiaian@example.com,0500-094-2052
Sr. Breno da Cruz,157.238.049-79,matheus41@example.org,21 2763-3691
Helena Vieira,653.017.982-86,afogaca@example.com,+55 81 9021-8829
Cecília Ramos,698.325.147-46,caldeiraeduarda@example.net,+55 41 3580 9547
Thales Lopes,049.713.568-00,igorviana@example.net,(061) 1105-6396
Sophie Teixeira,417.265.398-73,ecorreia@example.net,+55 (011) 2712-3094
Vicente Castro,921.548.036-60,raquel99@example.org,+55 21 7307 8447
Dra. Nina da Costa,374.182.965-09,almeidagabriel@example.org,+55 (031) 5325 5309
Danilo Silveira,160.395.728-68,tmartins@example.com,51 4688 6921
Sr. João Vitor Jesus,293.687.140-96,ralmeida@example.net,(051) 1726 4630
Leandro Lopes,781.029.534-97,yasminda-costa@example.net,+55 (011) 5225-4948
Isabelly Cardoso,203.519.467-99,fjesus@example.com,84 8743-9901
Benício Costela,359.842.601-15,caiocunha@example.org,+55 84 5788 0454
Mariane Moura,193.048.572-79,noahda-mota@example.net,+55 (061) 1214-4107
Pedro Henrique Dias,398.570.426-00,pereiraana-laura@example.com,+55 (041) 7695-2303
Mariana Aragão,438.970.526-10,duarteamanda@example.net,+55 (021) 9693 4640
Matheus Rocha,492.603.175-25,gabriellymoraes@example.com,21 6712-2641
Maria Vitória Barbosa,349.857.106-01,maysafarias@example.net,+55 (011) 1211 6011
Matheus Peixoto,083.672.541-71,vieiramatheus@example.com,0300-741-5533
Ana Carolina Ferreira,456.798.201-02,vpeixoto@example.com,+55 (084) 0817 5123
Luiz Gustavo da Luz,190.826.543-42,silvamaria-cecilia@example.net,(061) 2957-2379
Miguel Lopes,103.892.754-41,maria-clara79@example.com,31 5869 3256
Murilo da Conceição,637.824.051-53,martinsleandro@example.com,+55 61 2216 2442
João Miguel Lopes,425.016.798-49,renan67@example.com,+55 51 4281 1758
Ana Laura Carvalho,648.701.392-78,freitascatarina@example.org,11 6353 3860
Pedro Lucas Rezende,186.945.203-89,matheus77@example.com,+55 81 5831 8267
Isis Oliveira,184.256.397-19,fogacarafael@example.net,0900 518 5452
Thomas Barbosa,653.089.712-77,da-conceicaostephany@example.net,+55 31 6227-3465
Nina da Paz,890.453.612-05,nascimentomurilo@example.net,41 7667 7648
Ana Carolina Moreira,572.908.463-38,kamilly43@example.net,(011) 3011 0657
Maria Eduarda da Paz,596.231.740-80,nina40@example.com,+55 (071) 4480 8075
Ana Júlia Fogaça,347.092.156-34,joao-miguelmoreira@example.net,61 9827 1787
Marcos Vinicius Jesus,175.402.863-26,carvalhoerick@example.org,+55 21 4791-3518
Lívia Duarte,803.652.794-47,joao-miguel61@example.com,+55 51 4657 4938
Nicolas Costela,318.264.095-05,lorena76@example.com,31 7361 8293
Murilo Ferreira,590.218.437-14,marina16@example.net,71 0066-0853
Thales da Paz,671.954.803-48,emanuellarezende@example.net,(071) 7235 6464
Sarah Costela,169.702.843-87,garagao@example.com,(071) 2468-4152
Sra. Cecília Nunes,568.423.970-65,ecavalcanti@example.net,+55 (081) 2642 6617
Luiza Dias,524.679.310-99,santoskevin@example.com,+55 61 7966-0620
Leonardo Duarte,930.856.421-70,cauemartins@example.net,51 2303 4836
João Felipe Freitas,584.607.139-20,vianarebeca@example.org,(041) 1214 7791
Luiz Otávio Ramos,396.147.250-52,beatrizda-mota@example.net,(071) 2314 6905
Fernando Souza,892.410.536-15,vieiraisabella@example.org,41 5901 0871
Juliana da Luz,124.309.578-41,moreirarebeca@example.com,(081) 6942-7166
Luiz Gustavo das Neves,594.386.217-09,fernandeslucas@example.org,+55 51 1174 7200
Joaquim Cardoso,697.543.021-70,leticiada-conceicao@example.org,+55 41 9847-6920
Evelyn Fernandes,385.169.742-19,ana-juliamelo@example.net,+55 31 9201-0555
Vitor Farias,560.429.183-89,beatriz56@example.org,+55 21 5377 4669
Dr. Calebe Sales,864.029.357-00,moraesmaria-cecilia@example.com,+55 71 6343-6428
Davi Lucas Farias,376.280.194-04,bcampos@example.com,51 0741 6481
Rebeca Martins,182.347.059-97,lda-mota@example.net,+55 (021) 9110-7930
Sr. Calebe da Mota,594.076.813-00,yfernandes@example.com,+55 (031) 0314 0433
Lucca Martins,692.348.517-73,laviniacampos@example.org,(021) 5439-8882
Srta. Bruna da Cruz,719.263.508-12,joana29@example.org,31 8158-8680
Srta. Laís Castro,938.042.156-70,vitor-gabriel75@example.org,41 2586 9939
Eloah Viana,064.597.182-02,da-motamarcelo@example.com,41 3541-8881
Heitor da Conceição,928.704.136-96,joao-gabriel21@example.net,+55 31 8408-2619
Davi Lucca Lima,572.083.146-08,lorenzo75@example.net,(061) 0435 5732
Davi Luiz Freitas,589.316.240-42,otaviopereira@example.net,71 6148 4936
Dra. Emilly Nascimento,470.653.281-71,henrique68@example.org,+55 51 5181 3289
Raul Fernandes,563.189.047-00,fariasalexia@example.com,(021) 9430-5095
Luna da Mota,328.974.051-04,da-costarebeca@example.net,(084) 5172-0375
Laís Ramos,457.608.391-01,kamillyrocha@example.org,(041) 0786-1589
Letícia Moura,697.125.830-40,lucas-gabriel13@example.net,+55 84 8065 4866
Maysa Cavalcanti,943.062.517-99,claricefogaca@example.com,+55 71 6317 0217
Júlia Sales,764.908.312-87,ana-livia21@example.com,61 6351 2735
Lara da Cruz,974.603.851-66,anapeixoto@example.org,+55 21 9489-1776
Eloah Freitas,345.917.802-79,castrolais@example.org,11 0090-4166
João Pedro Rodrigues,812.509.734-14,beatrizpinto@example.org,+55 51 1368 8255
Erick Viana,365.729.480-56,luiz-miguelribeiro@example.org,+55 (011) 4046 0216
Srta. Pietra Monteiro,038.145.762-17,stephanymoraes@example.net,+55 (051) 8076-2845
Diego da Mota,456.937.102-70,vieiraleticia@example.net,11 7144-1058
Isabella Costela,946.723.850-00,llopes@example.net,+55 11 0385 0456
Sr. Henrique da Cruz,038.942.516-89,silveiraluiz-gustavo@example.org,(041) 6130-8727
Sr. João Miguel Nogueira,743.619.852-19,ysouza@example.net,+55 51 8487 8325
Vitória Barbosa,984.013.765-48,jesusluiz-felipe@example.net,(011) 1700-6942
Maria Alice Farias,803.576.492-65,icardoso@example.com,+55 81 2793 9881
Paulo Cunha,897.652.130-77,piresthales@example.com,+55 (071) 0010 6271
Maria Cecília da Costa,329.486.017-03,bsantos@example.net,0300 729 5800
João Miguel Vieira,204.987.531-23,sarahmoura@example.org,(031) 7419-8592
Nina Almeida,674.398.501-57,uaraujo@example.org,(041) 6654-0631
Sr. Luiz Felipe Lima,635.421.790-43,qpereira@example.com,+55 (081) 7326 8843
Sr. Fernando Fernandes,861.207.493-22,liviaferreira@example.net,+55 84 6641 0004
Luiz Gustavo Lima,753.196.028-12,fogacavitoria@example.org,+55 (061) 4966-9574
Maria Vitória Jesus,586.493.021-06,nogueiraisabelly@example.com,+55 (084) 0192-3674
Kevin Novaes,928.403.516-33,vitor-hugopeixoto@example.net,+55 84 6508-5138
Letícia da Rosa,026.974.513-07,nascimentopietro@example.org,0800 292 3187
Isabelly Farias,259.748.301-05,eda-rosa@example.net,+55 51 6225 8729
Sra. Catarina Castro,964.503.827-83,livia52@example.org,71 6956 5093
Juan Duarte,156.438.920-06,tmendes@example.org,11 2290 1514
Maitê Campos,795.084.632-10,julianacosta@example.net,81 0610 2497
Clarice Mendes,680.371.249-40,liviapinto@example.org,(071) 3408-3237
João Gabriel Teixeira,065.941.783-93,bryanbarbosa@example.org,+55 81 6755-6061
Eloah Peixoto,791.382.645-28,aporto@example.com,+55 71 2287-6895
Felipe Correia,792.835.016-59,joao-lucas41@example.net,+55 (071) 0002-1663
Maitê Rezende,219.468.350-05,laviniafernandes@example.net,0900-517-6277
João Moraes,192.375.648-64,milenamendes@example.com,(031) 5819 3220
Isadora Cunha,580.913.276-68,rnascimento@example.org,0900-038-3137
Ana Vitória Pereira,427.305.698-47,felipesilveira@example.com,0500-920-0248
João Guilherme Barros,297.308.164-50,fmoraes@example.net,(041) 4221 4105
Vitor Hugo Nunes,380.469.725-92,dalmeida@example.com,0800-918-9376
Clara Ribeiro,219.053.746-07,elisa01@example.com,(051) 4412 3748
Manuela da Cruz,935.271.806-21,joao-gabriel94@example.net,+55 61 4691-1158
Felipe Fogaça,301.249.578-97,moreiracarolina@example.org,0500-090-6154
Enzo Castro,450.867.312-08,ksantos@example.com,21 0987-2655
Igor Azevedo,140.539.826-42,cecilia02@example.net,51 5662 5534
Davi Lucas da Rocha,083.612.457-07,carlos-eduardogoncalves@example.org,(021) 0257 3857
Raquel Silveira,509.213.687-12,eduarda03@example.org,+55 21 4504 0086
Ana Lívia Peixoto,189.247.560-01,kfogaca@example.org,0300 635 4739
Emanuel Rezende,791.082.435-14,enzo07@example.com,61 8720 3403
Vitor Hugo da Costa,950.718.463-57,moreiravitor@example.org,0300-517-0639
Ana Sophia Fernandes,237.806.519-12,ceciliapereira@example.org,31 9548-5078
Mariana da Mota,263.795.810-30,ypeixoto@example.org,+55 (011) 9259 8567
Clarice Costela,728.435.601-44,ribeiropietro@example.net,(021) 0506-0274
Sophia Porto,340.261.598-33,dgoncalves@example.net,+55 (081) 8786-6297
Juliana Duarte,587.120.396-59,qfreitas@example.com,+55 51 7836 2705
Dr. João Carvalho,532.407.961-80,goncalvesyago@example.com,81 3920 2661
Vinicius da Rosa,973.104.586-48,barrosana-julia@example.com,(051) 7783 6981
Igor Ribeiro,496.712.503-43,barbaragoncalves@example.com,+55 61 1040 3768
Marcela Ramos,138.695.420-98,luizaferreira@example.com,(061) 2551-3205
Clarice Peixoto,285.690.731-86,moraesleticia@example.org,84 9185-4619
Daniela Costela,861.490.527-02,nogueiraalexandre@example.com,+55 (051) 6324-8052
Valentina Cunha,803.294.761-22,yago59@example.com,41 6836-2084
Ana Nogueira,821.903.456-42,hfogaca@example.org,84 9771-5271
Isabel Rezende,619.054.732-06,oliveiraguilherme@example.org,+55 (041) 7605 9170
Isabella Campos,341.708.529-23,ryansilva@example.org,(081) 4853 3238
Mirella Pereira,175.204.638-26,arodrigues@example.com,+55 (071) 6773 1349
Dra. Giovanna Santos,935.470.186-84,juliafarias@example.com,+55 41 6003-1593
Breno Azevedo,617.438.920-04,ppinto@example.org,(081) 0293 4986
Stella Fogaça,873.210.956-30,joao-pedro64@example.net,0900-271-9578
Luiz Gustavo Pereira,695.823.170-86,maria-claranovaes@example.com,+55 (061) 0041 7421
Paulo Rocha,821.659.470-49,ryan83@example.com,+55 (071) 1598 7226
Gabriel Dias,762.041.358-80,carolinada-conceicao@example.org,+55 21 4971 5503
Sra. Vitória Teixeira,631.807.924-69,felipe69@example.net,(071) 8381-2686
Caio Santos,827.549.361-73,vieiragabriela@example.org,0800 301 7491
Caroline da Mota,925.408.361-51,luiz-henriquemoura@example.com,(051) 3378 1109
Theo Barbosa,816.054.397-20,qmoraes@example.com,(061) 7713-2339
Murilo Ribeiro,618.342.509-51,gpereira@example.com,+55 (071) 6941-3851
Vitor Hugo Silveira,091.862.435-51,andrefarias@example.org,+55 (081) 7279-9765
Cauã Araújo,723.698.150-86,davi-lucas98@example.net,11 2786-1235
Sophie Souza,089.126.734-40,nathan88@example.com,+55 (021) 9550 1592
Dra. Luana Novaes,658.293.041-98,beatrizda-rosa@example.com,+55 (031) 0997 1485
Clara Nunes,397.028.614-03,helena97@example.com,+55 84 9318-7787
Sra. Helena Lima,380.957.246-29,sdias@example.org,+55 11 8600 0329
Joaquim Gonçalves,197.520.436-07,marina58@example.com,+55 84 8191-9172
Thiago Silveira,238.640.597-47,irezende@example.com,(041) 4432 5304
Ana Júlia Campos,653.021.947-16,peixotostella@example.org,+55 (051) 8546-1796
Sra. Bianca Moura,421.830.965-51,cauaviana@example.net,+55 (021) 6372 4722
Isabel da Cruz,506.428.139-06,fariasisabella@example.org,(071) 6308 5897
Brenda da Rocha,186.073.952-03,sarah67@example.net,+55 (041) 3969-5628
Nathan Nascimento,854.973.126-91,souzaisabel@example.com,(011) 8048 8582
Ian Pinto,012.365.897-77,gabrielacampos@example.com,81 9725-9068
Maria Silva,219.756.480-30,daniel46@example.com,11 4903 7448
Nicole Almeida,745.281.369-37,rafaelaporto@example.com,+55 (084) 2449 8482
Sra. Joana Fernandes,075.436.218-35,luiz-henriquerezende@example.net,51 3401 1235
Diogo Cardoso,049.157.863-66,scaldeira@example.net,21 0393-7198
Dra. Luiza da Rosa,527.136.089-02,fariasjoao-pedro@example.net,84 4560-9250
Ana Vitória Ribeiro,518.397.206-03,fgomes@example.com,+55 84 8095 8111
Benjamin Moreira,769.508.231-77,moreiraian@example.net,0300-835-3825
Kaique Gomes,674.281.539-64,peixotopedro@example.com,+55 (081) 7551 5604
Enrico Aragão,728.345.916-28,maysaaraujo@example.com,21 0255-1171
Pietra Peixoto,752.368.491-28,da-rochabenicio@example.com,0300 342 1489
Sr. Kevin das Neves,547.896.031-48,andre78@example.net,11 6230-4925
Francisco Correia,394.580.716-66,ana57@example.org,(081) 7820-9163
Olivia Rodrigues,840.593.716-10,vitor-gabriel32@example.org,+55 (071) 5354 5409
Igor Farias,756.829.013-12,mnovaes@example.net,84 9514 8576
Murilo Pires,816.905.274-20,da-cunhaagatha@example.org,+55 71 0579 6401
Calebe da Rocha,716.853.920-59,hcampos@example.com,81 6019 1529
Evelyn da Conceição,410.578.632-62,wsouza@example.net,(071) 8447 2437
Raul Cardoso,037.548.691-75,luana61@example.com,31 4959 9678
Ana Carolina Novaes,905.683.174-75,ana-livia22@example.com,+55 (051) 9513-4183
Giovanna das Neves,708.921.634-96,hda-conceicao@example.net,(011) 7724-3599
Nicole da Paz,027.154.369-80,bryanaragao@example.org,(041) 5944-6800
Sra. Sofia Campos,016.574.293-34,olivia94@example.org,11 2971-7343
Valentina da Mata,279.140.368-03,nrodrigues@example.net,31 1155-4114
Sr. Noah Martins,540.862.793-47,ynovaes@example.net,+55 61 1522 8223
Erick Caldeira,327.691.845-55,luiz-fernando46@example.com,0300 632 8570
Fernando da Costa,230.796.814-87,luiz-miguelsilva@example.com,+55 41 4643-7604
Catarina Ramos,296.374.015-80,bianca23@example.net,+55 41 8990 8285
Larissa Monteiro,631.840.927-04,irezende@example.com,21 0855 5454
Francisco da Cruz,957.802.614-58,smartins@example.com,+55 (011) 3952 8937
João Felipe Azevedo,480.713.596-10,pedro-miguel23@example.org,+55 61 8401-4127
Caio das Neves,479.180.356-66,leonardoda-rocha@example.org,11 6548-2480
Gabrielly Araújo,612.974.530-34,alexia42@example.com,+55 81 1626-8959
Samuel Silveira,168.593.420-05,yferreira@example.com,+55 (084) 2169 9668
Heloísa Aragão,652.047.189-58,claracavalcanti@example.org,81 4197-9778
Dr. Danilo Correia,321.956.780-03,diego30@example.com,+55 21 7397-6347
Lívia Freitas,451.906.273-06,claricemendes@example.org,0500 708 7890
Daniela Nogueira,071.849.236-69,lucca57@example.net,31 2593-7299
Rafael Jesus,273.680.915-77,costelalavinia@example.com,(081) 6642 5361
Thiago Duarte,043.819.752-60,kcampos@example.com,0800 179 9241
Yasmin Aragão,923.407.618-40,camilanascimento@example.net,(071) 4653 7502
Felipe Correia,137.526.948-82,davi-lucasalmeida@example.com,+55 (081) 5424 6125
Gustavo Henrique Cardoso,831.496.207-40,gabriela03@example.net,+55 21 3544 3529
Giovanna da Mata,571.480.932-79,isabella01@example.org,(084) 7231 9583
André Cunha,306.971.428-50,luiz-otaviocardoso@example.com,(011) 5395-0923
Vitor Hugo Cunha,903.526.187-95,melissafarias@example.com,(041) 3371-5935
Luiz Gustavo Alves,415.932.760-52,guilhermeramos@example.net,+55 21 3910-6028
Rodrigo Campos,027.863.195-95,nunesana-laura@example.net,61 9707-5630
Emanuelly Caldeira,784.163.250-90,carolina11@example.net,+55 11 6317 6723
Breno Jesus,937.160.485-93,adias@example.com,+55 31 3169 8455
Pietra Carvalho,968.572.430-00,fsouza@example.com,81 2877-0965
Emilly da Luz,639.871.054-10,maria-fernandacorreia@example.org,+55 31 0296-2829
Mariane Ribeiro,463.917.582-55,otaviobarros@example.org,+55 61 5383-2858
Stephany Vieira,592.316.840-51,oliveiramaria-vitoria@example.com,(041) 2674 9711
Ana Luiza Barros,568.410.792-30,isabelly36@example.org,0800-781-8528
Benjamin Rezende,745.981.602-76,sabrina52@example.com,(061) 9468-7791
Felipe Nogueira,980.532.467-29,souzaantonio@example.com,0300 366 7096
Vicente Nunes,836.912.074-13,alicia39@example.net,+55 (071) 7199 1901
Sr. Vitor Gabriel Costela,931.764.028-13,silvanathan@example.org,81 8043-8291
Ana Laura Melo,920.514.873-32,nogueirastephany@example.org,(031) 2401-5289
Dra. Valentina da Conceição,382.461.905-98,cardosoamanda@example.net,31 1730 3438
Ryan Ramos,921.568.403-42,pietramoura@example.net,41 9908 1258
Davi Lucas Ramos,802.745.163-90,pmendes@example.net,+55 (011) 8916-2548
Lucas Lopes,409.572.618-02,mcavalcanti@example.net,+55 31 3565-5871
Ana Carolina Gomes,853.406.297-83,kpires@example.com,+55 81 3502 9142
Esther Sales,501.963.427-16,qcunha@example.com,+55 (051) 4547 6775
Elisa da Rosa,893.061.574-01,cecilia03@example.net,(081) 5808 5845
Laís Peixoto,958.046.712-94,barbosamaria@example.com,21 6965 3594
Gustavo Henrique Freitas,915.470.368-93,luiz-otavioalves@example.com,(041) 4716-3723
Sabrina Rezende,409.751.283-88,silveiraleandro@example.net,11 9460-8606
Raul Vieira,743.568.209-83,da-pazcaua@example.org,+55 84 6371 6202
Pedro Lucas Ramos,698.301.527-40,bruna85@example.org,+55 11 3016 1284
Sophie Farias,568.307.492-47,julianapinto@example.org,0500-028-3373
Heloísa Nunes,259.046.718-49,carlos-eduardo60@example.com,11 3253-3359
Sr. João Miguel Costela,803.654.719-84,yuri36@example.net,+55 84 0822 8210
Alícia Gomes,061.435.879-57,julia58@example.org,81 6522-8691
Srta. Ana Julia Porto,083.576.421-44,qsilva@example.org,(051) 3032-0411
Juan Costela,981.470.326-50,apereira@example.org,+55 (031) 0828 1246
Clara Caldeira,314.650.287-90,costeladiego@example.org,+55 41 1218 0553
Daniela da Rosa,205.138.947-05,pda-mata@example.org,11 9800 0292
Kaique Melo,645.290.318-70,joana34@example.org,+55 31 7021-3928
Elisa Moreira,784.965.230-47,isabella19@example.net,(084) 9890 7897
Raquel Aragão,613.794.850-10,claricenunes@example.net,31 2322-5572
Breno Araújo,375.641.028-53,vieiraluiz-gustavo@example.net,+55 51 5342 0292
Dra. Fernanda Rezende,351.689.247-19,da-motabrenda@example.net,+55 (061) 2439 8484
Bruno Martins,456.239.701-25,davi-luizcardoso@example.org,0300 892 6788
Raul Moreira,579.063.184-39,uda-conceicao@example.com,61 5655 9542
Alana da Mota,658.270.149-58,heloisasales@example.org,(061) 9419-7629
Stella da Costa,825.013.794-97,rafaelacarvalho@example.org,(011) 6093 4463
Beatriz Nascimento,931.042.765-52,helena08@example.com,+55 (031) 7062-0881
Pedro Miguel Cardoso,783.150.962-30,unascimento@example.net,(051) 2972-0477
João Guilherme da Cunha,105.246.798-94,isaac30@example.com,(081) 9745-4878
Breno Nogueira,167.420.385-35,ucampos@example.net,51 9613 4613
Nina Araújo,973.268.145-46,maria-alice96@example.com,+55 (041) 9205-6607
Esther Dias,176.839.245-55,erickrezende@example.org,0300 072 6786
Igor Nogueira,162.935.840-15,rafael50@example.com,+55 (081) 4107 7541
Eloah Almeida,978.230.465-47,qcastro@example.org,+55 11 9954 9585
Isis Gomes,704.286.953-29,erickmoraes@example.com,0800 171 4920
Luiz Felipe Aragão,756.931.482-46,brunopereira@example.org,+55 71 9899-4639
Kevin Rocha,798.601.423-78,rviana@example.net,+55 41 0181 5290
Kamilly Carvalho,507.316.984-01,icardoso@example.com,51 1934 3726
Luiz Gustavo Correia,435.708.621-35,noahda-luz@example.com,11 2310 7969
Marcela Silva,410.953.678-20,enzomoreira@example.net,81 4916 4422
Luiz Gustavo Porto,024.531.879-88,rochaluiz-fernando@example.net,+55 (061) 6287-3786
Kaique Cunha,842.596.170-01,cnunes@example.org,(081) 9524 4489
Brenda Cardoso,512.497.386-28,souzathales@example.com,11 1442-4878
Guilherme Almeida,850.126.934-42,vitor-gabriel98@example.org,(011) 3791 5110
Daniela Mendes,385.619.742-73,martinssophia@example.org,0800-947-3743
Marcos Vinicius Silveira,714.052.863-26,azevedoisadora@example.org,+55 51 3495 3404
Alice Lima,591.423.678-91,nascimentomaria-cecilia@example.net,81 5923 4846
Emanuelly Souza,270.163.859-30,xcorreia@example.org,51 4619 4375
Amanda Souza,049.382.167-87,marianamoraes@example.org,+55 (071) 2521 9339
Dr. Luiz Miguel Melo,518.092.374-32,camilamelo@example.com,+55 (011) 1683 0064
Kamilly Viana,805.379.126-30,evelyn40@example.com,31 3710-4536
João Pedro Pires,126.935.487-64,emelo@example.com,0500-872-0891
Emilly da Mata,938.540.176-93,salesluana@example.com,(041) 8921-9350
Dr. Leonardo da Cunha,207.834.156-80,lavinia99@example.net,+55 (011) 5899 6801
Gustavo Henrique Gonçalves,365.480.971-57,da-luzmirella@example.com,(041) 9808 6529
Murilo Costela,362.147.598-28,ferreiramarcos-vinicius@example.org,(021) 6718 1807
Lucas da Costa,253.148.079-04,ecarvalho@example.org,+55 (084) 2757 7291
Dra. Maria Julia Barbosa,956.127.843-09,vitoria00@example.com,(061) 2802-4913
Letícia Lopes,538.049.721-79,azevedojoao-guilherme@example.com,+55 (011) 9998-0146
Helena Silveira,670.581.324-53,samuel93@example.net,81 8935 8605
Gabriela da Paz,207.348.951-60,juliada-paz@example.net,+55 (084) 1296-3004
Francisco Silva,389.105.276-68,apereira@example.net,61 8190 7941
Luiz Henrique Aragão,629.310.857-40,moraeslucca@example.com,61 2933 3697
Dra. Luna Oliveira,708.639.421-13,portoyuri@example.net,(081) 0605-9802
Srta. Luiza Alves,973.082.145-32,vitor19@example.net,(084) 6640-6570
Caroline Moraes,827.195.340-05,benjamin22@example.com,+55 21 6369-8620
Benjamin Silva,186.293.457-64,ana-luizamartins@example.org,(084) 0387-7808
João Vitor da Paz,948.632.051-98,heloisa51@example.net,0500-104-1291
Guilherme Pinto,431.962.587-00,danilo82@example.org,41 6014-0415
Paulo Martins,925.401.863-51,costelaarthur@example.org,+55 (081) 7732 8665
Sr. Lucca Cunha,962.318.054-33,xdias@example.com,+55 61 4185-9464
Sr. Diego Teixeira,234.197.605-07,emanuellylima@example.net,61 4758 2958
Ana Carolina Ramos,631.498.507-20,da-costaisabella@example.net,0500-883-8959
Agatha Nogueira,806.129.453-24,souzavitor-hugo@example.net,(031) 3552-6348
André Novaes,420.189.763-03,ecardoso@example.org,+55 51 7092 7117
