CEP,Rua,Bairro,Cidade,UF
50377-492,"Quadra Viana, 4",Vila São Gabriel,Rocha de Correia,AM
15660-206,"Viaduto Nogueira, 926",Conjunto Floramar,Pires do Norte,MT
40291705,"Quadra das Neves, 59",Vila Santo Antônio Barroquinha,Nogueira Verde,RO
67190259,"Área Pietra Cardoso, 34",Castelo,Jesus,ES
22714910,"Estrada Rezende, 87",Dom Silverio,da Rocha,GO
59523432,"Rua Moraes, 2",Vila Da Paz,Ribeiro,AC
81325-979,Colônia de Moreira,Varzea Da Palma,da Luz,MG
58907-735,"Trecho Araújo, 3",Nossa Senhora Aparecida,Monteiro,PA
88344-049,"Trevo de Dias, 67",Pindura Saia,Mendes,MG
56428-476,"Loteamento de Azevedo, 67",São Vicente,Vieira de Azevedo,DF
99580294,"Colônia de Gomes, 90",Vila Independencia 3ª Seção,Castro de Ramos,ES
51113510,"Viaduto Jesus, 59",Piraja,da Paz da Prata,AL
57140-775,"Loteamento de Cardoso, 1",Vila Santa Monica 1ª Seção,Silveira de Aragão,ES
51980-779,"Vereda da Costa, 16",Jardim Felicidade,Porto,RJ
16740-805,"Residencial de Teixeira, 623",Vila São Geraldo,Oliveira Grande,AC
77057-387,"Recanto Nogueira, 1",Engenho Nogueira,Caldeira,MG
72768-108,"Conjunto da Mata, 83",Horto,da Costa de Minas,BA
59344685,"Pátio Ribeiro, 13",Bela Vitoria,Alves de Farias,TO
17091-512,"Via de Carvalho, 7",Serra Verde,da Mota,SP
14252415,"Núcleo Ryan Ramos, 26",Guaratã,Lima,ES
99149-566,"Vale Lucas Cunha, 76",Trevo,Ferreira,BA
39417645,"Alameda de Fernandes, 564",Vila São Geraldo,Barbosa do Sul,DF
71203-899,"Aeroporto Barros, 5",Acaiaca,Aragão do Norte,PA
56302-709,"Área de Barbosa, 45",Ouro Minas,Costela da Prata,RJ
94940618,"Favela Luiz Otávio Gonçalves, 331",Vila Cemig,Silva das Pedras,AL
57898527,"Via Ana Beatriz Sales, 56",Olhos D'água,da Mata de da Conceição,DF
79914-528,"Sítio da Conceição, 5",Vila Inestan,da Cruz do Campo,AC
10239-494,"Praça da Conceição, 763",Engenho Nogueira,Alves do Sul,SP
68703654,"Chácara de Lima, 88",Marieta 2ª Seção,Fogaça,PR
40882-044,"Núcleo Cardoso, 16",Minaslandia,Duarte,MS
73737-935,"Quadra Cardoso, 387",Vila Bandeirantes,da Rocha de Moura,PB
68037-648,"Vale Rocha, 87",Mantiqueira,Freitas,AM
86933447,"Fazenda de Duarte, 71",Boa União 2ª Seção,Pinto,PB
30673-425,"Praia de da Mota, 49",Vila Minaslandia,Barbosa,ES
69799-365,"Avenida de Gonçalves, 67",Conjunto Floramar,Pires Alegre,MT
08004275,"Núcleo Sofia Oliveira, 72",São José,da Conceição,PB
91028-842,"Setor da Costa, 84",Céu Azul,Castro,GO
73855269,"Trevo de Campos, 13",São Pedro,Azevedo,RJ
49798-042,"Setor Cauê Teixeira, 908",Xodo-Marize,Barros Alegre,RR
68818427,"Avenida Gustavo Henrique Sales, 39",Ouro Preto,Castro de Martins,DF
58523-002,"Ladeira Aragão, 83",Palmeiras,Freitas do Oeste,ES
60232-218,Jardim de Cunha,Paquetá,Melo,PB
33164-111,Rua de Nunes,Jardim São José,Jesus,ES
81054437,"Viaduto Correia, 48",Nova Gameleira,da Cunha,MT
89730077,"Vale da Luz, 36",Minaslandia,Cardoso,DF
62747289,"Vila de Porto, 905",Novo Glória,Almeida,MT
10013910,"Pátio Silva, 14",Vila Do Pombal,Dias,MS
01741820,"Colônia de da Luz, 6",Lagoa,Nascimento,RN
91349-277,"Praia da Conceição, 37",Solimoes,Duarte,PR
83715-142,Vila Joaquim Silva,Vila Mangueiras,Lima de Santos,BA
36143019,"Recanto de Farias, 205",Vila Vista Alegre,Monteiro da Mata,AC
06729-784,"Parque Ana Clara Correia, 22",Santa Amelia,Barros,AP
30445-180,"Trecho Melo, 954",Buraco Quente,Teixeira,DF
14490967,"Esplanada Lucca Moraes, 84",Parque São Pedro,da Costa da Praia,RO
22789221,"Recanto Maria Luiza Martins, 78",Independência,Monteiro do Campo,TO
34235201,"Setor Camila Costela, 78",Túnel De Ibirité,Rezende,MT
17023903,"Largo Davi Luiz Correia, 41",Vila Suzana Segunda Seção,Mendes,ES
96841-814,"Lagoa Jesus, 29",Bernadete,Duarte,ES
50446-707,"Ladeira Miguel Duarte, 4",Outro,da Cunha do Norte,SP
56569198,"Campo Vitor Gabriel Fogaça, 26",Esperança,Fernandes da Mata,RR
70918906,"Vale de Silveira, 205",Embaúbas,Caldeira do Amparo,AL
01898578,"Lagoa Isis Martins, 151",Primeiro De Maio,Moura,SC
67931-223,"Conjunto de Viana, 79",Jardinópolis,Viana da Serra,GO
85913104,"Fazenda Cardoso, 92",Vila Da Luz,Moraes Grande,AM
88441777,Viela Esther Nunes,Luxemburgo,Farias,MT
60392888,"Recanto Lara Monteiro, 49",Piratininga,Carvalho de Pinto,CE
39946250,"Rua de Farias, 975",São Damião,Freitas,MG
30102-581,"Aeroporto de Silveira, 461",Cidade Jardim,Novaes Grande,SE
24579443,"Largo Noah Santos, 7",Floresta,Carvalho Grande,MA
16776727,"Setor Miguel Novaes, 78",Antonio Ribeiro De Abreu 1ª Seção,Silva,TO
03584-317,"Esplanada de da Paz, 731",São Jorge 2ª Seção,Cardoso das Pedras,MT
42471356,"Aeroporto de Araújo, 60",Xodo-Marize,Ferreira,PB
95981-429,"Morro Gabriela Moreira, 810",Jonas Veiga,Cunha Verde,TO
68823-852,"Aeroporto Costela, 3",Alto Das Antenas,Ramos de Lima,AP
82739032,"Rodovia de Lima, 7",Jardim Guanabara,Barbosa do Campo,MT
66225-412,"Recanto Kamilly Oliveira, 152",Vila Dos Anjos,Fernandes,AP
73817-292,"Conjunto Isaac da Paz, 523",Vila Jardim São José,Barros de Oliveira,RR
58607815,"Passarela Duarte, 9",Cabana Do Pai Tomás,Nunes da Mata,RO
34687924,"Aeroporto da Rocha, 34",Varzea Da Palma,das Neves de Barbosa,RO
86503-913,"Jardim de Lopes, 384",Luxemburgo,Carvalho,RO
07738387,"Trevo Vitória Moreira, 21",Vale Do Jatoba,Correia de Nogueira,MS
49212334,"Vereda Barros, 71",Grotinha,Monteiro de Goiás,ES
09163327,"Aeroporto Matheus Lopes, 816",Laranjeiras,Monteiro de Almeida,TO
97722560,"Lago de Jesus, 863",Diamante,da Paz de Santos,DF
50457-683,"Alameda Mirella Correia, 65",Camponesa 2ª Seção,da Costa do Galho,AC
13570-705,"Esplanada Julia da Rosa, 2",Novo Das Industrias,Jesus,RO
64971208,"Estação Lucas Gabriel Lopes, 58",Santa Isabel,Nogueira,MS
62492290,Lago Francisco Moreira,Horto,Aragão,AL
14324565,"Condomínio Nunes, 13",Santa Rosa,Moreira,MG
53636900,Pátio Melo,Jardim Vitoria,da Conceição,PI
15341-884,"Morro de Cardoso, 3",Vila Da Ária,das Neves,MT
43122607,"Viaduto de Moura, 903",Buraco Quente,Porto,SP
76842-080,"Praça Luiza Dias, 31",Minas Caixa,Souza,MT
00364245,"Loteamento Aragão, 329",Leticia,Nascimento de Goiás,PB
96485617,"Trecho Igor Ribeiro, 52",Vila Primeiro De Maio,da Mota da Prata,TO
58982541,"Viaduto de Fernandes, 53",Nova Cintra,das Neves,PE
77890469,"Morro de Rocha, 6",Mirtes,Caldeira de Moreira,RN
13432808,"Passarela Lavínia Martins, 98",Santa Rita,Ribeiro,SC
18184120,Parque de Melo,Marajó,Cunha das Flores,PB
65214699,"Estrada Stephany Santos, 80",Vila Jardim Alvorada,Melo de Monteiro,RN
78082-911,"Colônia Beatriz Nascimento, 78",Nova Gameleira,Pinto do Amparo,BA
89081353,"Trecho Isabelly Lopes, 14",Vila Santa Monica 1ª Seção,Pires,RO
87388586,"Avenida de Azevedo, 81",Maravilha,Monteiro de Azevedo,RS
52232-115,"Viaduto de Farias, 60",Vila Madre Gertrudes 2ª Seção,da Cruz,MT
27726-111,"Fazenda Pietra Castro, 29",Dom Bosco,Mendes,MS
16454-960,"Setor Viana, 11",Vitoria Da Conquista,Sales de Goiás,RJ
71110641,"Vereda Davi Lucas Moraes, 27",Manacas,Freitas do Sul,TO
00827-538,"Campo de Nogueira, 9",Santa Rita De Cássia,Martins,RJ
98890189,"Lagoa da Conceição, 414",João Pinheiro,Costela,MT
73542-649,"Ladeira Sales, 53",Prado,Mendes do Sul,SC
82419273,"Estação Correia, 87",Prado,da Costa,PB
94827-568,"Residencial de Costela, 961",Vila Satélite,Sales de Monteiro,CE
29392030,"Praça de Costela, 66",Vila Ouro Minas,Peixoto de Almeida,SC
16438-107,"Ladeira Martins, 94",Novo Santa Cecilia,Fernandes,MA
87976675,"Lago Alves, 34",Santa Amelia,Dias de Lopes,SP
18317552,"Recanto Lucca Dias, 43",Vila Aeroporto,Melo,RJ
73359-429,"Viaduto de Campos, 5",Esperança,Pinto,DF
66055495,"Sítio Heloísa Lima, 11",São João,Lima,AL
19359-171,"Largo Letícia Silva, 5",Aparecida 7ª Seção,Melo da Praia,AP
31914-972,"Esplanada Lucca Fogaça, 94",Atila De Paiva,Moreira de Campos,MA
94578-441,"Campo Silveira, 58",Vila Rica,Cavalcanti Verde,RN
61385786,"Chácara Barros, 62",Floramar,Moreira de Moraes,TO
51136650,"Campo de Cardoso, 48",Vila Coqueiral,da Rocha,MG
48946-482,"Chácara de Caldeira, 32",Conjunto Santa Maria,Silva Grande,RS
48326240,"Avenida Marina Oliveira, 188",Vila Pilar,Costela,PB
02652-012,"Viela de Santos, 499",Santana Do Cafezal,Moura das Flores,BA
89664-665,"Conjunto Nogueira, 238",Tiradentes,da Cunha,AL
75604-560,"Chácara de Ribeiro, 5",Varzea Da Palma,da Cunha,CE
42308766,Sítio Maria Fernanda Campos,Santa Rita,Moura do Amparo,RS
46298-911,"Vereda de Aragão, 6",Bonsucesso,Carvalho do Galho,RJ
83566-266,"Vila Eduarda Rocha, 828",Garças,Teixeira,ES
13314272,"Trecho Lucca Peixoto, 21",Lajedo,da Rocha do Campo,PI
52312-048,"Rodovia de Cavalcanti, 53",Leonina,Moreira Paulista,GO
70130-501,"Fazenda Rezende, 56",São Lucas,da Mota,AC
02850156,"Travessa Cardoso, 56",Cidade Nova,Araújo,AP
06902-037,"Praça de Costa, 336",Baleia,Lima,BA
40338-468,"Morro Pedro Lucas Gonçalves, 5",Vila Dos Anjos,Cardoso,SE
41673-337,"Feira Aragão, 14",Mariano De Abreu,Gonçalves,DF
46607608,"Passarela da Mata, 2",Vila Santo Antônio,Ferreira,GO
15832-107,"Recanto de Santos, 85",Vila Nova Cachoeirinha 1ª Seção,Farias,SP
92625494,Rodovia Rocha,Santa Isabel,Barbosa do Amparo,BA
43943-867,"Praia Augusto Aragão, 880",Leticia,Barbosa de Minas,PA
47614758,"Favela de Pires, 93",Jardim São José,Peixoto Verde,PR
40943831,Lagoa de Costela,Jaraguá,Fogaça,PE
22600615,"Quadra Martins, 4",Camponesa 1ª Seção,Campos,CE
97547-904,"Trevo da Mata, 39",Nossa Senhora Da Conceição,Campos Verde,AP
86812025,"Morro de da Paz, 57",João Paulo Ii,Ramos,AP
14729-598,"Vila Lopes, 2",Garças,Dias da Prata,RR
98556560,Residencial de Costa,Lajedo,Silva das Flores,ES
47768481,"Estação Mendes, 9",Vila Ecológica,Costa Grande,PB
32908968,"Via de Alves, 56",Carlos Prates,da Costa da Mata,AC
12454150,"Colônia Yasmin Lopes, 3",Novo Ouro Preto,Aragão do Galho,MG
30496-969,"Lago Dias, 30",Vila Madre Gertrudes 3ª Seção,Viana,SP
99363244,"Área Silveira, 1",São Francisco Das Chagas,Pires,ES
31607-217,"Loteamento de Lima, 29",Pilar,Alves da Praia,MS
51882-099,"Morro Cecília Moraes, 911",Conjunto Jatoba,Santos do Norte,MT
76440-702,"Viela Peixoto, 39",Vila Nova Cachoeirinha 1ª Seção,Pinto de Martins,AP
67526-350,Trecho de da Luz,Bonfim,Mendes,MS
98911-849,"Lagoa de da Mata, 12",Coração De Jesus,Moura,RO
52033508,"Praia Pires, 86",Caiçaras,Peixoto de da Paz,MS
59506564,"Alameda Araújo, 3",Santa Rosa,Lopes do Galho,BA
90251509,"Parque Kamilly Pinto, 43",Vila Engenho Nogueira,Almeida,RO
76724751,"Loteamento de Santos, 26",Barão Homem De Melo 2ª Seção,Rocha,AP
34576-874,"Jardim Oliveira, 299",Morro Dos Macacos,Barros das Pedras,MG
25071715,"Ladeira Joaquim Cunha, 6",Novo Santa Cecilia,Sales,RR
89678294,"Avenida Beatriz Araújo, 46",Lagoa,da Cunha de da Mata,SC
86202-609,"Distrito de Lopes, 81",Parque São Pedro,Cunha,BA
34110-150,"Fazenda Caldeira, 2",Coração Eucarístico,Cardoso de Goiás,GO
16633-101,"Praça Leandro Cardoso, 993",Santa Rosa,Farias,AC
42779-468,"Lago de Sales, 55",Vila Cloris,Moreira das Flores,RJ
94871335,"Viaduto de Cardoso, 37",Pongelupe,Ramos do Campo,TO
19539-820,"Praça Rocha, 735",Caiçaras,Cardoso do Campo,RJ
33996-859,Alameda Kamilly Gonçalves,Jardim São José,Melo das Flores,SE
06165909,"Viaduto de Cardoso, 75",Conjunto Santa Maria,Aragão,PB
49122-118,"Recanto Thales Oliveira, 33",São Cristóvão,Dias,AC
64673-455,"Rodovia Yuri Campos, 44",Itapoa,Mendes das Flores,TO
26735-316,Viela Agatha Azevedo,Outro,Ramos de Sales,MT
96652-749,"Distrito Maysa Lopes, 60",Aarão Reis,Azevedo do Norte,RJ
38536-579,"Estação Azevedo, 235",Vila Vista Alegre,Carvalho de Cavalcanti,AP
26628408,"Praça de Sales, 76",Caiçara - Adelaide,Santos de Goiás,RO
30896502,"Campo de Costa, 976",Europa,da Rosa do Sul,RS
66143727,"Residencial Monteiro, 35",Alpes,Pinto dos Dourados,PA
87578823,Vale Moura,Bacurau,Oliveira Paulista,SC
77357134,Viela Emanuel Duarte,Mangueiras,da Cruz de Ramos,PR
82753492,"Pátio Marcos Vinicius da Mata, 2",Santa Sofia,Rezende de Lima,SE
33169125,"Distrito de das Neves, 993",Califórnia,Oliveira,AC
22427-138,"Rua da Rocha, 8",Ambrosina,das Neves,AM
42484207,"Recanto Lopes, 18",Vila Ouro Minas,Caldeira de Minas,MS
70407621,"Pátio de da Mata, 4",Vila Antena Montanhês,Costa,TO
93680-701,"Pátio da Mata, 84",Califórnia,das Neves,ES
52065-768,Vale Marina Martins,Vila Da Paz,Moura de Ramos,PI
81321-007,"Quadra da Cunha, 8",Ribeiro De Abreu,Oliveira da Mata,BA
16372826,Alameda de Correia,Bacurau,Campos,RO
24987-700,"Lago de Ferreira, 625",Boa Esperança,Almeida de Minas,TO
25707-726,"Avenida de Mendes, 232",Ermelinda,da Luz,RO
49216173,"Estação Viana, 75",Cidade Nova,Cardoso Paulista,AM
57145-269,"Favela da Luz, 95",Vila Do Pombal,da Luz,PB
30326-244,"Passarela Lopes, 991",Petropolis,Cardoso da Mata,AM
67023-611,Viela de Moraes,Lagoinha,Souza da Praia,SE
29901246,"Vila Barbosa, 9",Distrito Industrial Do Jatoba,da Cunha,GO
90052-573,"Fazenda de Sales, 654",Vila São Francisco,Carvalho,PI
90508-496,"Morro Ana Luiza Alves, 7",Vila Santa Monica 1ª Seção,Rodrigues do Galho,SC
26256-625,Ladeira João Guilherme Costa,Leonina,Castro Grande,SP
40922061,"Aeroporto de Cardoso, 70",Dom Cabral,Rezende,GO
59810-959,"Via Melo, 78",Tirol,Fernandes,AP
98865-010,"Vereda Otávio Monteiro, 37",Maria Helena,Caldeira dos Dourados,PI
70067646,"Pátio Bianca da Rocha, 61",Marçola,Nogueira,BA
66477724,"Núcleo de Silveira, 52",Vila Madre Gertrudes 3ª Seção,Pinto de Aragão,RJ
78556-479,"Lagoa da Conceição, 6",Satelite,Pinto da Serra,SC
70591-349,"Lago de da Luz, 65",Granja De Freitas,Gonçalves,CE
38944335,"Lago Santos, 673",Novo São Lucas,Santos,MA
93603-921,"Rua de Costa, 430",Tupi B,Teixeira,RJ
02470-219,"Ladeira de Nunes, 65",Sagrada Família,Farias do Norte,RS
23435982,"Conjunto de Alves, 25",Nova Cachoeirinha,da Luz de Cardoso,MS
94801-274,"Setor de Nogueira, 242",Vista Alegre,da Rosa Paulista,AM
24587-907,"Pátio Martins, 3",Novo Aarão Reis,Campos de Silveira,PE
89320-711,"Travessa de Duarte, 75",Jardim América,Rezende,MT
21143-808,"Largo Almeida, 1",Suzana,Nogueira Grande,BA
30764-334,Pátio de Almeida,Maravilha,Rodrigues das Pedras,PE
08896-990,"Jardim Moura, 347",Braúnas,Costela dos Dourados,DF
27156-412,"Favela Thiago da Cruz, 65",Universitário,da Cunha,MT
33108107,"Loteamento João da Cruz, 616",Camponesa 1ª Seção,Oliveira,MT
23074010,"Parque de Melo, 81",Indaiá,Teixeira de Rocha,MT
60349597,"Esplanada Davi Gonçalves, 980",Sion,Vieira,MT
29609-586,"Esplanada de Barbosa, 7",Venda Nova,Almeida,AM
93912-761,"Residencial de Azevedo, 57",Acaiaca,Rocha de Mendes,ES
74746-518,Viela Santos,Alto Das Antenas,Carvalho das Flores,ES
18726603,"Rodovia Luiz Otávio Monteiro, 136",Vila Pinho,Almeida,RR
83642-964,Sítio Augusto Moraes,Primeiro De Maio,Moreira,SP
66250852,"Vereda Vitor Gomes, 79",Jatobá,Carvalho Grande,AC
10746-745,"Sítio de Novaes, 26",Unidas,Fernandes,MS
58483-854,"Lagoa de Cavalcanti, 89",Vila Betânia,Lima Paulista,MA
43494-003,"Praça Gomes, 43",Vila Santa Monica 1ª Seção,da Mota das Pedras,PA
15834-555,"Distrito Barbosa, 489",Santa Rita,Rodrigues,PE
61281-556,"Alameda de Martins, 64",Inconfidência,Aragão,BA
52144724,"Praça de Gonçalves, 882",Sion,Teixeira de Martins,PE
15900-221,"Esplanada Davi Mendes, 161",Nossa Senhora Do Rosário,Farias,AC
40669-925,"Aeroporto Ana Júlia Fogaça, 12",Biquinhas,Lopes,AL
45846-799,"Residencial Ryan Porto, 570",Grota,Mendes,RJ
98056-720,"Sítio de Cardoso, 530",Vila São Paulo,Gomes,AC
97569918,"Residencial de Cardoso, 25",Havaí,Melo Grande,BA
97364611,"Parque Ana Clara da Cunha, 49",Paquetá,Fernandes do Amparo,PB
98012775,"Trevo de Teixeira, 79",Braúnas,da Cunha,DF
80347259,"Aeroporto de Ramos, 6",Camponesa 1ª Seção,da Conceição do Campo,MS
46641634,"Loteamento Enrico Castro, 29",Barão Homem De Melo 3ª Seção,Rodrigues da Serra,AP
72055599,Aeroporto Almeida,Novo São Lucas,Monteiro,PE
49765120,"Conjunto Rocha, 5",Santa Maria,Costa de Novaes,DF
35293392,"Loteamento Otávio Martins, 39",Santa Rita,da Costa de da Cruz,GO
87961182,"Chácara Rocha, 28",Acaba Mundo,Castro,AL
47293-535,"Aeroporto de Rodrigues, 438",Vila Nova Gameleira 2ª Seção,Rodrigues do Campo,PE
86855637,"Lagoa de Aragão, 2",Parque São José,Moreira,RR
57306-993,"Rua de Novaes, 39",Aeroporto,das Neves do Campo,RN
87170-461,"Jardim João Miguel Aragão, 68",Vila Copacabana,Araújo Alegre,RN
38844-947,"Rodovia Ramos, 65",Camponesa 2ª Seção,Dias,MS
81292-874,"Recanto da Conceição, 84",Vila Do Pombal,Costela de da Luz,PA
61762-386,"Lago de Moura, 1",Ademar Maldonado,Souza,RS
72920094,"Esplanada Luiz Felipe da Costa, 40",Manacas,Santos,RJ
71469881,Loteamento Rocha,Vila Paris,Fernandes,PB
18542-780,"Praia Vieira, 367",Vila Cloris,Azevedo de Cardoso,SE
45072-286,"Pátio Nascimento, 94",Vila São João Batista,Correia de Goiás,MG
80833558,"Viela de Caldeira, 311",Santa Maria,Pires Verde,MT
58613584,"Travessa da Cruz, 401",Sion,Monteiro,RR
26934-139,"Aeroporto Fogaça, 69",Centro,Fogaça,DF
82460640,"Vale Carvalho, 9",Vila São Gabriel,Porto,MS
18795036,"Setor Pires, 74",Vila Sesc,Vieira de Pires,ES
97559-137,"Jardim Stella da Cunha, 20",Jardim Dos Comerciarios,Vieira,GO
41703548,"Viela de Moreira, 39",Colégio Batista,Nogueira do Sul,SP
35897227,"Rodovia Martins, 6",Nova Cintra,Moreira,DF
94409-569,"Lago Rocha, 9",Europa,Nascimento Paulista,SP
35410377,"Viela Letícia Rodrigues, 68",Aguas Claras,da Mata Verde,BA
10516-131,"Viaduto Mariane Jesus, 6",Bernadete,Costela,ES
55695054,Rua Vinicius Nascimento,Aeroporto,Silva do Galho,RR
04584-513,Morro de da Luz,Conjunto Celso Machado,da Cruz,AL
37602786,"Alameda de Campos, 2",Vila Nova Cachoeirinha 2ª Seção,Monteiro,RS
16097-857,"Quadra Gomes, 53",Gameleira,Novaes de da Luz,GO
41195-633,"Fazenda Silveira, 236",Santa Rita De Cássia,Cardoso do Amparo,RR
24700105,"Condomínio de Novaes, 1",Nossa Senhora Do Rosário,Novaes Grande,GO
91823144,"Travessa Ian da Cruz, 79",Fernão Dias,Mendes,PB
89660730,"Passarela Melo, 90",Nova Cachoeirinha,Oliveira,RS
95839395,"Quadra de Rezende, 83",Jatobá,da Mota,AM
35003872,Vereda Maria Luiza das Neves,Vila Boa Vista,da Cunha do Amparo,GO
30824798,"Jardim Rodrigues, 33",Conjunto Lagoa,da Luz de Ferreira,RS
63042-227,"Condomínio Leandro Jesus, 550",Alto Caiçaras,Mendes das Flores,AL
47338-336,"Setor Clarice Almeida, 89",Custodinha,Alves,MG
92024355,"Passarela Sales, 38",Ouro Minas,Farias,PB
10566-121,"Largo de Nunes, 2",Esperança,Melo,AM
17288-673,"Travessa Moreira, 768",Vila Suzana Primeira Seção,Sales,AM
93380-460,"Núcleo de Pires, 37",Jardinópolis,Rocha de Ferreira,AM
34246169,"Ladeira de Fogaça, 56",Vila Independencia 3ª Seção,da Cruz,MG
86016-094,Avenida Ramos,São Gonçalo,Aragão,PR
52671065,"Viela Júlia Pires, 22",Bonsucesso,Pinto,PA
35206835,"Esplanada Nogueira, 28",Bernadete,Costa das Flores,SE
11940460,"Largo Sales, 79",Novo Tupi,Lima da Praia,AL
85585-690,Trevo de Freitas,Pedreira Padro Lopes,Nascimento,RR
13046-653,"Aeroporto Caldeira, 50",Pompéia,Melo,MG
29752-218,"Viela Araújo, 7",Santa Lúcia,Ferreira,PB
00977547,"Viela João Miguel Souza, 5",Nossa Senhora Da Aparecida,Silva de Porto,PI
21006911,"Pátio Souza, 90",São João,Correia Grande,SC
46087095,"Viaduto Levi Silveira, 57",Mala E Cuia,Moraes da Prata,AM
11064999,"Loteamento de Teixeira, 21",Barroca,Barros de Viana,TO
62406849,"Ladeira de da Cunha, 17",Pindura Saia,Moreira de Minas,MA
72874493,"Rodovia de Sales, 97",Novo Das Industrias,Cavalcanti de Cunha,GO
54874914,Morro Barros,Pindorama,Farias,GO
87617-670,"Trecho de Souza, 164",São Paulo,Costela da Prata,MS
25471910,"Trevo Guilherme Ramos, 83",Vila Copacabana,Campos das Pedras,AL
70466-852,"Rodovia Paulo Almeida, 42",Vila Paquetá,Souza,SC
47144-297,"Recanto Luiza Souza, 7",Cdi Jatoba,Pereira,RN
43760-193,"Viaduto de Lopes, 93",Lagoa,Ribeiro,PA
44664-073,Campo de da Mota,Indaiá,da Mata,AP
15089-699,"Setor de da Luz, 79",Lorena,da Paz do Sul,SE
53402-518,"Aeroporto Nascimento, 857",Vila Ecológica,Pereira Alegre,RS
14933695,"Colônia Cauã Araújo, 8",Vila Jardim São José,Castro,RS
13687-793,"Parque Vitor Gabriel Lopes, 56",Trevo,Moreira,SP
85124-893,"Parque Nogueira, 804",Vila Jardim Alvorada,Martins Alegre,SC
21682319,"Residencial Leandro Pereira, 7",Corumbiara,Fernandes de Caldeira,MS
01713353,"Sítio de Carvalho, 95",Pindura Saia,Rocha,MG
37371520,"Quadra de Ribeiro, 91",Ernesto Nascimento,Nogueira,MG
18165056,"Recanto Moreira, 21",São Jorge 2ª Seção,Porto de Mendes,PB
35476453,"Condomínio João Lucas Cardoso, 673",Vista Do Sol,Lopes,RO
52109-940,"Avenida de Monteiro, 38",Braúnas,Correia,ES
54166-483,"Conjunto Enzo Gabriel Barbosa, 19",Piraja,da Costa Alegre,CE
54764-664,Recanto de Nunes,Pompéia,Costa de Peixoto,PB
25640-994,"Recanto Duarte, 183",Garças,da Rocha da Prata,ES
41035-171,"Jardim Azevedo, 86",Vila Nova Gameleira 2ª Seção,Barros,AM
04837-736,Colônia Rebeca Dias,Flavio De Oliveira,Caldeira de Nunes,RS
53120286,"Vereda Oliveira, 19",Andiroba,Correia,MA
54621878,"Loteamento Rocha, 3",Paulo Vi,Freitas da Mata,RR
46367-819,"Sítio Gustavo Oliveira, 70",São Bernardo,Moreira da Praia,CE
90503116,"Recanto de Teixeira, 83",Alípio De Melo,Silva de da Costa,MS
04847-999,"Rua Diego Aragão, 631",Ribeiro De Abreu,Moura,MA
99745-283,"Fazenda Thomas Fernandes, 15",Sport Club,Caldeira do Galho,RS
63378792,"Praça Amanda Duarte, 87",Conjunto Novo Dom Bosco,Ribeiro,AC
56166356,"Sítio de Peixoto, 29",Glória,Moreira Grande,MA
00125861,"Chácara de Costa, 899",Penha,Correia de Alves,RO
41665715,"Pátio de Correia, 62",Vila Olhos D'água,Gomes do Amparo,MT
23850471,"Sítio Danilo Jesus, 40",Parque São José,Novaes,PI
73161-053,Estação Isadora Viana,Nova Cachoeirinha,Silveira,DF
61765-928,"Vale de Nogueira, 32",Maravilha,Santos de da Cunha,MS
57864-797,"Viaduto Porto, 79",Dom Cabral,Fogaça de Araújo,PB
57218-555,"Recanto Gabriela Gomes, 63",Distrito Industrial Do Jatoba,Porto do Amparo,RN
27088-715,"Jardim de Lopes, 58",Outro,Costela,AC
41627280,"Parque de Cardoso, 88",São Francisco,das Neves da Mata,PR
88463191,"Vereda de da Mota, 33",Vila Santa Rosa,Castro,RJ
99600580,"Chácara Amanda Melo, 63",Carlos Prates,Duarte,RN
65866-222,"Trevo de Lopes, 76",Vitoria Da Conquista,Freitas das Pedras,ES
86346165,"Praia Castro, 78",Itaipu,Monteiro,RR
68429575,"Praça Ribeiro, 40",Vila Vista Alegre,Pires de Costela,AP
14325-944,"Fazenda de Vieira, 9",Saudade,Porto Paulista,PE
78117-565,Rua Luiz Felipe Moreira,Vila Piratininga,Mendes,AP
64793-791,Quadra João Guilherme Silva,Ventosa,Porto,TO
67330099,"Alameda Laura Moreira, 32",Conjunto Califórnia I,Nascimento de Cardoso,ES
02386-599,"Quadra de Moura, 28",Vila Madre Gertrudes 4ª Seção,Pires da Praia,TO
51026867,"Vale Maria Vitória Farias, 224",Vila Nova Paraíso,Azevedo,MS
91503-042,"Viela Fernandes, 42",Parque São Pedro,Correia de Caldeira,RO
33591255,"Condomínio Isaac Novaes, 2",Vitoria Da Conquista,Farias do Amparo,PI
83223-020,"Via Vitor Fernandes, 18",Aeroporto,Alves,AL
34071-972,Residencial Bianca Gonçalves,Santa Monica,Melo de Azevedo,PE
09326-249,"Aeroporto Cauã Martins, 19",Distrito Industrial Do Jatoba,Silveira Grande,AP
29001270,Morro de Cavalcanti,Vera Cruz,Gonçalves,RJ
91338-731,"Fazenda de Santos, 3",Rio Branco,Oliveira de da Paz,AM
64926252,"Estrada Martins, 542",Vila Barragem Santa Lúcia,da Mota,SC
07660742,"Praia de das Neves, 96",Gutierrez,Peixoto de da Paz,RR
55399431,Praia Cardoso,Vila Havaí,Melo,MA
87612-885,"Praça Sales, 74",Mala E Cuia,Araújo das Flores,RS
90490-219,"Sítio de Lima, 90",Santo André,Viana de Lima,SC
66867-270,"Passarela Teixeira, 81",Tiradentes,Campos,RR
05883205,"Lagoa Enzo Peixoto, 32",Concórdia,Freitas,BA
16368112,"Jardim Azevedo, 64",Conjunto São Francisco De Assis,das Neves,PB
10717-102,"Chácara de da Rosa, 89",Vila Aeroporto Jaraguá,Cunha de Castro,PE
75550771,"Praça de Silva, 43",Vila Novo São Lucas,Caldeira,BA
70475500,"Distrito de Fernandes, 3",Carmo,Correia Grande,AP
44644-069,"Viela Almeida, 4",Santa Rita De Cássia,da Mota,MT
70408-372,"Vila de Araújo, 26",Aguas Claras,Porto Alegre,AC
76631-665,"Ladeira de Nunes, 3",São Cristóvão,Correia,SE
53118200,"Viaduto Rezende, 329",Vila Madre Gertrudes 4ª Seção,Oliveira,PE
92622590,"Vereda de Costa, 64",Gameleira,Almeida dos Dourados,CE
94220-447,"Trecho Aragão, 79",Colégio Batista,Rodrigues Paulista,PA
09769287,"Favela de Rodrigues, 8",Embaúbas,Gomes,SC
38371-244,"Residencial Theo Almeida, 47",Itatiaia,Nascimento,RO
88117-681,"Feira Nathan da Paz, 2",Bairro Das Indústrias Ii,Vieira de da Cunha,PB
51919-017,"Praia Costela, 53",Novo Das Industrias,Fernandes,GO
46162-509,Ladeira Milena Mendes,Floresta,Peixoto Paulista,MT
55243720,"Rua de Barbosa, 92",Vila São Dimas,Silva de Alves,RS
47345-144,"Vila Ana Carolina Aragão, 2",Vila Havaí,Fogaça,SE
61991385,"Trevo de Lima, 318",Monsenhor Messias,Carvalho do Norte,RR
46813256,"Praça Moreira, 32",São Damião,Ferreira,MG
08329347,"Área Mariana Fernandes, 8",Vila Madre Gertrudes 3ª Seção,Costela das Flores,SC
67690203,"Avenida de Viana, 12",Minaslandia,Azevedo de Teixeira,AM
15978785,"Lagoa Henrique Martins, 91",Unidas,Costela,SE
69043-539,"Colônia da Paz, 78",Solimoes,da Cruz do Sul,RJ
42530450,"Sítio Fogaça, 66",Vila Suzana Primeira Seção,Nunes Grande,DF
83325-661,"Residencial da Rosa, 62",Delta,Ramos,RR
68715236,"Parque Almeida, 260",Jardim Guanabara,Campos do Oeste,PB
10479-785,"Campo de Moura, 72",Sion,da Cunha Paulista,MS
75132620,"Morro Eduarda Fernandes, 243",Vila Nova Cachoeirinha 3ª Seção,Vieira das Flores,AC
80405685,"Favela Lucas Gabriel Azevedo, 21",Serra Do Curral,Ferreira,MA
83685620,Praça de Souza,Ouro Minas,Barbosa de Santos,GO
50984359,"Alameda de Campos, 78",Vila Batik,da Cunha de Ribeiro,MG
81939-882,"Quadra de Teixeira, 3",Cdi Jatoba,Duarte,PI
10138219,"Esplanada Maria Eduarda Caldeira, 32",Braúnas,da Rosa,AC
79179522,"Núcleo Melo, 149",Bairro Das Indústrias Ii,Campos,MG
68942-381,"Viela Cecília da Paz, 712",Boa Esperança,Gonçalves da Mata,PI
41696-214,"Área Alves, 6",Santana Do Cafezal,Novaes Alegre,PI
63923-552,"Loteamento Moreira, 37",Vila Piratininga Venda Nova,Rodrigues Grande,PA
80895-925,"Lagoa da Cruz, 10",Santa Rita De Cássia,Pereira,SE
74082-036,"Praça Carvalho, 64",Conjunto Califórnia I,Viana,GO
32189906,"Favela Lavínia das Neves, 79",Bonsucesso,Silva Verde,AM
83478735,"Estrada Isis Porto, 397",Horto,Ferreira,AL
65712321,"Alameda Lopes, 247",Vila Sumaré,Viana do Campo,PB
87433516,"Colônia Clara Sales, 70",São Pedro,da Conceição,GO
08808-317,Loteamento Juliana Silveira,Vila Nova Cachoeirinha 3ª Seção,Araújo do Sul,SE
16058-447,"Chácara de Silva, 2",Lagoa,Gonçalves das Flores,PE
99391-718,"Ladeira Ana Beatriz Barbosa, 269",Conjunto Jardim Filadélfia,Moura,RN
68624899,"Rua de Novaes, 11",Cenaculo,Freitas,AC
58044-146,"Rua Nicole Moura, 10",Alto Dos Pinheiros,Carvalho,ES
12846521,"Campo de Nogueira, 705",Heliopolis,Araújo de Barbosa,MT
15160918,"Sítio Almeida, 78",Horto Florestal,da Rosa,AL
61783135,"Passarela Juliana da Cunha, 5",Vila Nova,Silveira das Flores,PI
00628107,"Sítio Yago Duarte, 19",Santa Rita De Cássia,da Mata,TO
29498200,"Fazenda de Porto, 72",Mangueiras,Castro,PR
10959-455,"Vereda Carvalho, 8",Nazare,Cavalcanti de Monteiro,AP
04090-500,"Núcleo de Barros, 212",São Jorge 2ª Seção,Nogueira das Flores,BA
95623-635,"Estação Emilly Barros, 70",Camargos,Barbosa,SC
58307360,"Núcleo de Ramos, 851",São Sebastião,Santos de Melo,RJ
18804-862,"Recanto de Mendes, 32",Conjunto Floramar,Rezende da Praia,RO
38148-445,"Largo de Ribeiro, 1",Nova Esperança,das Neves,BA
15839-602,Praia Ferreira,Parque São José,Fogaça,AL
48224466,"Viela de Cardoso, 69",Vila Jardim Alvorada,da Paz da Praia,GO
68254-936,"Pátio Fogaça, 5",Cônego Pinheiro 2ª Seção,Teixeira Alegre,DF
25369852,"Viela de Lopes, 75",Jardim Montanhês,Araújo,AP
82168772,"Sítio João Miguel Cardoso, 825",Floresta,Lima do Norte,MS
08198981,"Alameda Igor Araújo, 8",Vila Jardim São José,Mendes da Praia,PA
10785-657,"Conjunto de da Rocha, 29",Alto Das Antenas,da Rosa de Minas,MA
23984-265,Passarela Pinto,Jonas Veiga,Azevedo,AM
85341554,"Campo de Costa, 502",Maria Tereza,Almeida do Campo,SC
29799-472,"Jardim Barbosa, 75",São João Batista,Silveira das Pedras,PR
61725711,"Avenida Rafaela Gonçalves, 70",Cardoso,Silva de Silva,SP
30526818,"Largo de Pires, 86",Vila Bandeirantes,Cavalcanti,RR
38755773,"Núcleo Enrico da Costa, 455",Vila Madre Gertrudes 2ª Seção,Silva,BA
92867071,"Estação André Ramos, 91",Belvedere,da Mota da Prata,RN
00000038,"Núcleo da Rocha, 75",Novo Ouro Preto,Silva,PR
27884-214,"Setor Pietra da Rosa, 21",Conjunto Providencia,Farias de Carvalho,RJ
64408665,Largo de Costela,Conjunto Lagoa,Gonçalves das Pedras,SP
69450-188,"Viaduto Nicolas da Costa, 98",Pompéia,Araújo,AL
79492-384,"Praça de Cunha, 7",Santa Margarida,Peixoto do Galho,PE
66201-637,"Vereda de Oliveira, 60",Pindura Saia,Novaes de Martins,AP
26102-892,"Praia Porto, 31",Satelite,Martins da Mata,SP
48040686,"Vale de Barros, 92",Alta Tensão 1ª Seção,Monteiro,RS
57609110,"Trevo Clara Costela, 28",Pompéia,Pinto,PB
80772-672,"Loteamento Monteiro, 70",São Sebastião,Barros,AP
97984892,"Favela Ana Julia Moura, 4",Barreiro,Aragão,AL
52718-274,"Rua Luiz Henrique da Cunha, 61",Marçola,Castro,CE
17615013,Setor de Gomes,Vila Fumec,Moraes,MG
56312-839,"Trevo de Correia, 4",Casa Branca,Azevedo,RS
13427-684,"Trecho de Teixeira, 873",São Cristóvão,Moraes,TO
54756086,"Travessa Rocha, 207",Jardim América,da Rocha do Amparo,CE
91461-262,"Loteamento de Vieira, 99",Barreiro,Souza Grande,MT
26621-091,"Travessa de Novaes, 10",Independência,Viana Paulista,RJ
12757-804,"Passarela de Moreira, 811",Providencia,Nunes,PB
60212070,"Feira Raul da Conceição, 679",Vila Independencia 2ª Seção,Sales de Gomes,DF
71472285,"Trecho Caldeira, 332",Lagoa,Aragão dos Dourados,TO
45066267,"Ladeira de Gomes, 40",Nova Esperança,Araújo,RO
63123-398,"Estação de Moreira, 5",Flavio De Oliveira,da Mota Paulista,SE
42761-900,"Praia Diogo da Rocha, 373",Mariano De Abreu,Pereira dos Dourados,RJ
37276-800,Sítio Luigi Pinto,Gameleira,das Neves,RN
69231729,"Loteamento de Costela, 51",Cachoeirinha,Porto,MA
70159792,Loteamento Santos,Cidade Nova,Fernandes da Prata,AL
87234207,Via de Caldeira,Saudade,Farias dos Dourados,DF
14689220,"Aeroporto de Nunes, 90",Guaratã,Carvalho da Prata,RO
74752971,"Distrito de da Mata, 422",Vila São Gabriel Jacui,Nunes do Campo,PR
22538919,"Lagoa de da Paz, 31",Jaqueline,Novaes,PB
26900-664,"Trecho Almeida, 71",Jardim Alvorada,Pereira,PE
81381102,"Loteamento Mariane Costela, 73",Vila São Gabriel Jacui,Pinto,SP
52132358,Vila Nascimento,Marieta 2ª Seção,Silveira,AM
06693640,"Ladeira Olivia Gomes, 241",Vila Inestan,da Rocha da Praia,GO
36952-271,"Chácara da Paz, 22",Confisco,Lima,SE
37063-362,"Esplanada Melo, 71",Vila Santo Antônio,Duarte,GO
10404-139,"Recanto de Nascimento, 75",Marçola,Caldeira,ES
20360-159,"Praça Fogaça, 69",Vila Fumec,Lima do Norte,CE
39934-908,"Via Moreira, 84",Maravilha,Nogueira Verde,RN
83478-173,"Ladeira Henrique Cavalcanti, 62",Vila Madre Gertrudes 3ª Seção,Costa,RS
45298417,"Largo de Araújo, 5",Alto Barroca,Silveira,BA
00648216,"Chácara de Vieira, 82",Nova Floresta,Rocha,PA
80928-010,"Vila Maria Luiza da Rosa, 2",Boa União 1ª Seção,Gomes dos Dourados,PE
91171-961,"Trevo Julia Sales, 78",Cruzeiro,Farias,RO
30160-448,Fazenda Silveira,Fazendinha,da Mota da Mata,GO
00941871,"Trevo Martins, 45",Cachoeirinha,Aragão dos Dourados,AP
51829212,"Praça de da Costa, 9",Alta Tensão 2ª Seção,da Cruz,SE
15941226,Travessa de Araújo,Belmonte,Moreira de Duarte,DF
52175473,"Conjunto de Rocha, 30",Alta Tensão 2ª Seção,Cavalcanti,TO
33298-310,"Loteamento Novaes, 87",Zilah Sposito,Pinto de Goiás,SE
43527479,Conjunto de Mendes,Horto Florestal,da Cruz da Praia,ES
41995-369,Via Pires,Vila Atila De Paiva,das Neves,RJ
69917824,"Quadra Diogo Cavalcanti, 98",Maravilha,Costela de Cavalcanti,AL
15368-224,"Núcleo Fernandes, 5",Vila Santo Antônio,Sales de Lopes,PE
60321873,"Setor da Luz, 810",Bela Vitoria,Pinto,SC
24400914,Jardim de Cunha,Jardim Guanabara,Nogueira de Campos,PE
60617-129,"Sítio Enzo Gabriel da Mata, 4",Vila Ipiranga,da Mota,PR
41424-293,"Ladeira Ferreira, 11",Novo Das Industrias,Fernandes,RR
90068-138,"Via Cunha, 78",Tres Marias,Nogueira do Galho,MA
21979-338,"Ladeira de Cardoso, 39",Vila Atila De Paiva,Farias,PA
79035-073,"Chácara Costa, 7",Itapoa,Correia do Sul,MT
69730-224,"Passarela Campos, 90",Carmo,Vieira,AC
82418405,"Travessa Oliveira, 53",Minaslandia,Rocha,CE
93640-425,"Praça de Correia, 25",Vila Esplanada,Cardoso do Amparo,SC
30712-521,"Praça Maria Vitória da Costa, 16",Vila Copacabana,Silva,AM
39929-683,"Recanto de Costela, 8",Nova Suíça,Moraes Grande,ES
63585751,Estrada Oliveira,Glória,da Rosa de Caldeira,MG
04539-195,"Rua Oliveira, 8",Vila Rica,Pinto Grande,BA
75283-630,"Área de Barros, 74",Frei Leopoldo,Correia de Gonçalves,MG
15511-443,Chácara Fogaça,Bom Jesus,Gomes Alegre,RN
93133620,"Vila Luiz Otávio Duarte, 25",Distrito Industrial Do Jatoba,Silva de Pereira,AP
69416-336,"Residencial Moraes, 24",Vila Cloris,Moraes,RN
29102055,"Praça da Costa, 25",Marieta 2ª Seção,Fernandes,AP
89980453,"Praia Pinto, 9",Lagoinha Leblon,da Conceição,MT
68595-763,"Esplanada Caio Novaes, 47",Santana Do Cafezal,Rezende,RR
53211-400,"Condomínio de Alves, 853",Mineirão,Sales do Norte,PB
90912081,"Passarela de Costela, 36",Vila Rica,Silveira,RN
31649-924,"Ladeira Souza, 37",João Alfredo,Lopes,PE
83171-663,"Condomínio Calebe Dias, 285",Novo Tupi,Ferreira,PI
16389-094,"Quadra da Luz, 44",Vila Jardim São José,da Cruz,RN
05196-084,"Viaduto de da Costa, 52",Savassi,Lopes,MS
92428-552,"Via de Moreira, 18",Buritis,Barbosa,TO
04740-962,"Ladeira de Correia, 9",Conjunto Taquaril,Sales,AL
94276-545,"Alameda Sarah Barbosa, 11",Estoril,Martins,RO
15482-002,"Ladeira de Melo, 47",Marieta 1ª Seção,Souza,MT
27198-588,Loteamento Silva,Providencia,da Paz dos Dourados,RS
55019750,"Esplanada Lavínia Lima, 29",Camargos,Duarte da Prata,AL
91705214,"Ladeira Alexia da Paz, 57",Alpes,Costela,AP
02623-969,"Praia Ribeiro, 8",Conjunto Celso Machado,da Cunha,MG
04550-696,"Vale Luiz Miguel Fogaça, 72",Embaúbas,Silva,AP
19042722,"Avenida de Costa, 86",Granja Werneck,Ramos do Oeste,PI
16197-071,"Distrito João Felipe Costela, 384",Vila São Rafael,Azevedo,RJ
75220-096,"Vale Rodrigo Teixeira, 472",Solimoes,Souza,PR
82783753,"Colônia Vitória Souza, 8",Marilandia,da Costa,MA
17317312,"Rodovia Rodrigues, 5",Vila Maria,Peixoto,RR
79854115,"Passarela Olivia Ferreira, 6",Embaúbas,Oliveira,MA
09213882,"Pátio Luiz Gustavo Monteiro, 687",Conjunto Califórnia I,Ribeiro,PB
77624124,"Setor Samuel Farias, 3",Distrito Industrial Do Jatoba,Mendes,BA
92811-400,"Área de Rezende, 527",Lagoa,Duarte do Oeste,MS
06528958,"Passarela Dias, 67",Anchieta,Costela,ES
81648-673,"Loteamento de da Paz, 78",Jardim São José,Silveira do Galho,PA
12761-937,"Trevo Thomas Ramos, 9",Maria Helena,da Mata,AP
66873-318,"Fazenda de Sales, 1",Vila Santo Antônio,Lopes Paulista,DF
94171-552,Viela de Vieira,Vila Do Pombal,da Rosa Grande,AC
50018-428,"Morro Cardoso, 1",Mirtes,Pires,RO
44751-220,"Esplanada de da Conceição, 504",Vila Cemig,Dias,CE
17044-447,"Praça Cardoso, 889",Vila De Sá,Campos,RR
02724-905,"Estação Ana Julia Costa, 76",Buritis,da Cunha do Oeste,PR
45965917,Lago Maria Julia Nascimento,Coração Eucarístico,Mendes,MA
14133-507,"Parque Stella Barbosa, 7",Vila Engenho Nogueira,Costa da Prata,AC
16732-137,"Alameda Francisco Carvalho, 97",João Paulo Ii,Santos,MT
41611230,"Parque Erick Gomes, 29",Caetano Furquim,da Paz do Norte,PR
84839814,"Vila da Conceição, 42",Pilar,Novaes,TO
75319946,"Esplanada da Costa, 55",Baleia,da Conceição do Sul,AL
13115-647,Rodovia Caldeira,Solar Do Barreiro,da Costa de Goiás,PA
83433-211,"Avenida de Lopes, 928",São Lucas,Lopes,DF
66329650,"Conjunto da Mata, 75",Calafate,da Paz,AM
94547071,Parque de Cavalcanti,Marieta 2ª Seção,Caldeira,PI
37786989,"Morro Duarte, 69",Juliana,da Mata,PB
29924-681,"Residencial de Moura, 11",Apolonia,Moraes,MG
28374-128,"Favela de Aragão, 8",Granja Werneck,da Paz,MA
65262-816,"Morro Stella Ferreira, 516",Antonio Ribeiro De Abreu 1ª Seção,Sales,ES
28798177,Via de Alves,São Geraldo,Moreira do Sul,BA
68013-502,"Largo Silva, 68",Santa Monica,da Costa,RO
61711-178,"Vereda de Gomes, 61",Conjunto Serra Verde,Duarte de da Rosa,PE
12366-336,Praça Moraes,Andiroba,Alves Paulista,PA
48442634,"Parque de Gomes, 62",São Pedro,Moreira de Goiás,RN
80385-993,"Esplanada Maria Eduarda Rocha, 56",Jardim Alvorada,Castro,TO
30097776,"Residencial Bárbara Nascimento, 34",Dom Joaquim,da Conceição Grande,BA
42038-371,"Favela Sophia Cunha, 2",Grotinha,da Rosa,RJ
07838-969,"Quadra da Costa, 613",Vila Engenho Nogueira,Teixeira de Monteiro,RR
79069-064,"Setor de da Mota, 11",Parque São Pedro,Vieira,RR
57889-151,"Residencial Maria Fernanda Fernandes, 6",São Pedro,Araújo do Norte,PA
65635-489,"Setor Alves, 11",Vila Real 2ª Seção,Moura,MA
69402-638,"Colônia de Barbosa, 72",Cidade Jardim Taquaril,Rodrigues,GO
93084735,"Feira Fernandes, 86",São Sebastião,da Cunha,SP
25515-072,"Ladeira da Rocha, 10",Lajedo,Lopes das Flores,PR
87007791,"Vale de Correia, 29",Vila Puc,Rocha,CE
54107446,Residencial Monteiro,Ápia,Nogueira,SC
11475-064,"Viela de Duarte, 941",Belvedere,Nogueira da Mata,MG
31707410,"Lagoa Freitas, 95",Jardim São José,Ramos de Barros,SP
62634390,"Rodovia Renan Barros, 374",Grajaú,Moura de Martins,PI
11123159,"Via de Martins, 5",Novo Aarão Reis,da Costa,AL
65701-744,"Alameda de Lopes, 34",Novo Tupi,Teixeira de Minas,PI
83291601,Viaduto Renan Dias,Centro,Jesus da Praia,RN
87856-605,"Pátio Sofia Silveira, 45",Ápia,Fernandes,RR
59474-916,"Condomínio Fernandes, 43",Aparecida,Melo,MT
00578-319,Sítio Correia,Álvaro Camargos,Lima Grande,SP
78038497,"Loteamento Emanuelly Almeida, 83",Lagoa,Costa,AM
54088213,Lagoa Augusto da Cunha,Vila Copasa,da Cunha,AM
87611-976,"Favela Ramos, 625",Morro Dos Macacos,Cavalcanti,MT
82024-093,"Lagoa Teixeira, 96",Vila Olhos D'água,Melo dos Dourados,SP
27097-339,"Parque de Oliveira, 73",Diamante,Azevedo,DF
56811-301,"Vale Silva, 11",Coração De Jesus,Cardoso de Costa,PB
84391798,"Trevo Breno Oliveira, 557",Petropolis,da Conceição,PE
58958-897,"Alameda Pereira, 41",Camponesa 2ª Seção,Caldeira,CE
44961-956,"Largo Lorena Barros, 56",Marmiteiros,Dias do Galho,RO
37933253,"Via Dias, 30",Coração De Jesus,Martins,BA
06975583,"Rua Cardoso, 863",Ventosa,Peixoto da Prata,DF
23912-994,"Vereda Stephany Melo, 873",Marmiteiros,Monteiro,PA
84693-288,"Campo Arthur Ribeiro, 93",Independência,Martins,ES
54803376,"Estação de Santos, 9",Grajaú,Santos de Fernandes,PB
64292-260,"Vila Sophie Peixoto, 6",Santa Terezinha,Cunha,ES
69540-417,"Área Pires, 26",Distrito Industrial Do Jatoba,Barbosa,RR
56902264,Trevo Freitas,Jardim Do Vale,da Conceição de Monteiro,RR
26978-166,"Quadra João Vitor Costa, 11",Vila Da Luz,Lopes do Sul,GO
19208-088,"Campo de Caldeira, 29",Estoril,Teixeira de Minas,CE
29784-373,"Residencial Lavínia Cardoso, 20",Vila Suzana Segunda Seção,Vieira,GO
90857-652,"Pátio Alves, 3",Novo Glória,da Costa,PA
61767765,"Trecho de Gonçalves, 3",Vila Nossa Senhora Do Rosário,Lopes,PR
70513661,"Feira Maysa Silva, 10",Jardim Do Vale,Melo,RS
12721-419,"Vila de Correia, 24",Guaratã,Freitas Verde,RS
58229070,"Distrito de das Neves, 62",Jardim Atlântico,Silveira do Galho,PB
80273411,"Setor de Cunha, 24",Vila De Sá,da Cruz,MA
79680-261,"Chácara de da Rosa, 180",Nova Floresta,Farias de Lima,PI
34145186,"Via Fernandes, 565",Conjunto São Francisco De Assis,Oliveira,AP
09004-207,"Campo de Freitas, 8",São Francisco Das Chagas,da Mota do Campo,TO
77472-023,Lago Paulo Viana,Nova Esperança,da Cunha Verde,RS
88009-844,"Jardim de Mendes, 42",Vila Maloca,Silveira,AL
78716-374,Núcleo Nogueira,Fazendinha,Fernandes de Gomes,DF
46382-376,Pátio Cardoso,Ventosa,Silva dos Dourados,AC
41959-406,"Parque Gabriel Nogueira, 91",Parque São Pedro,Cunha do Norte,PE
30789558,"Sítio Alana Duarte, 44",Cidade Nova,Azevedo Alegre,AC
22767-317,"Avenida Rocha, 38",Vila Havaí,Sales,PR
24290-545,"Núcleo da Conceição, 97",Granja De Freitas,Nascimento,PE
04545601,"Estrada Alves, 73",Pilar,Jesus de Gomes,PR
59276-570,"Pátio Fernandes, 80",São Damião,Souza do Amparo,PI
94084838,"Quadra Ramos, 52",São Vicente,Fernandes,PR
83015576,"Vale de Lima, 8",Buraco Quente,Cunha de Goiás,PR
28959-984,Aeroporto Maria Luiza Nogueira,São Paulo,Carvalho do Norte,PR
78398821,Lagoa Barros,Camponesa 1ª Seção,Lima do Sul,PR
52537755,"Condomínio Arthur da Rocha, 877",Flavio De Oliveira,Novaes das Flores,PB
36310167,"Distrito de Santos, 8",Cardoso,Ferreira Verde,DF
51561-019,"Pátio de Cavalcanti, 12",São Marcos,Monteiro do Amparo,AM
35144-138,"Trevo Santos, 23",Apolonia,Freitas de Moreira,AC
53403-478,"Trevo de Castro, 76",São Tomaz,Fernandes de Nascimento,PA
54530-109,"Lagoa Cardoso, 804",Vila Jardim Leblon,Melo,MT
10870-701,"Vale de Oliveira, 66",Alto Das Antenas,da Costa de Duarte,MT
66322-965,Vale de Pires,Jaqueline,Aragão,PA
97895-087,"Alameda Matheus Mendes, 95",Vila Nova Cachoeirinha 2ª Seção,Fernandes Paulista,AM
89032-082,"Colônia Kamilly Cardoso, 89",São Jorge 2ª Seção,Melo da Mata,MS
65259-418,"Parque Dias, 26",Conjunto São Francisco De Assis,Rezende,SE
50419477,"Via Matheus Barros, 641",Frei Leopoldo,Ribeiro,AC
04371872,"Trecho de Alves, 70",Santa Maria,Viana,AM
87200414,"Chácara Ana Carolina Nogueira, 7",Vila São Geraldo,Duarte,PA
35428093,Rodovia Igor Duarte,Belmonte,Moreira,MT
88146-772,Trecho Joaquim da Costa,Bacurau,da Paz Verde,PI
29530-281,"Conjunto Nogueira, 21",Estrela Do Oriente,Martins da Mata,SP
54668-765,"Núcleo Vieira, 645",Silveira,Santos de Minas,SC
98623-294,"Loteamento Clarice Carvalho, 43",Alto Barroca,Araújo,DF
73954127,"Travessa Juliana Rodrigues, 47",Gutierrez,Moura,MG
40661921,Trevo Daniela Almeida,Maria Virgínia,Farias das Flores,ES
46592-729,"Vale Amanda Gonçalves, 609",Ermelinda,Melo da Serra,PE
85002063,"Pátio Aragão, 16",Vila São Dimas,Gonçalves,PI
68600192,"Loteamento Leandro Campos, 3",Glória,Almeida,AC
57754-372,"Área de Souza, 2",Vila Coqueiral,Souza,MT
18460-483,"Rodovia Leandro Moreira, 97",Vila Nova Dos Milionarios,da Mota,PR
43191-427,Trecho de Aragão,Vista Alegre,da Luz,RS
02260-940,Vale de Costela,Vila Da Amizade,Correia Verde,GO
37458-336,"Colônia Cavalcanti, 9",Novo Das Industrias,Ferreira das Flores,TO
00582-725,"Rodovia de Araújo, 31",Jardinópolis,Alves,PB
08106730,"Feira Carvalho, 4",Vila Havaí,Gomes,PB
47644-408,"Praia de Correia, 70",Santa Helena,da Rosa do Norte,SC
56655-373,Recanto Nunes,Xodo-Marize,Melo,MT
47792394,"Fazenda de Fernandes, 271",Novo Ouro Preto,Gonçalves,AC
71398816,"Núcleo Pereira, 17",Nossa Senhora Da Aparecida,Gomes de Fogaça,RN
78254733,"Parque Costela, 1",Venda Nova,da Conceição do Amparo,MG
39115611,"Viela Eduarda da Mota, 4",Santa Maria,Aragão,PA
07668-735,"Recanto de Caldeira, 4",Etelvina Carneiro,da Paz dos Dourados,CE
53049308,Esplanada Ana Julia Azevedo,Alto Caiçaras,Melo do Sul,PI
53332284,"Conjunto Thiago Oliveira, 84",Renascença,da Paz do Galho,MT
38611789,"Setor Isabelly Lopes, 9",Ribeiro De Abreu,da Cunha de Aragão,BA
95531-893,"Distrito Yasmin Oliveira, 53",Vila Aeroporto Jaraguá,Barbosa de Goiás,RS
73672-785,"Distrito Vieira, 9",São Gabriel,Nogueira do Oeste,RR
06921-231,"Trevo de Oliveira, 35",Camargos,Mendes,MG
82759-902,"Colônia de Gonçalves, 2",Varzea Da Palma,Ferreira,TO
86982195,"Favela Moreira, 360",Vila Ipiranga,Ramos,SP
34163-800,"Praça Correia, 357",São Cristóvão,Fogaça,MG
81019513,Morro de Rocha,Vila Maloca,Peixoto,PE
11327918,"Núcleo Nicole Monteiro, 31",Conjunto Paulo Vi,das Neves de da Paz,TO
63728-586,Distrito da Mata,Vila Suzana Segunda Seção,Viana,PI
15284-630,"Distrito Maria Luiza Pereira, 888",Conjunto Taquaril,Monteiro,PA
19159140,"Travessa Costela, 609",Boa União 1ª Seção,Barros,PA
37641-072,"Alameda Maria Sophia da Rocha, 71",Vila São Rafael,Lopes,PB
97369-737,"Condomínio Gabriela Moura, 13",Vila São Paulo,Rocha,MT
20554-210,Favela Pires,Das Industrias I,Gomes,SE
26010-769,Fazenda Noah da Rosa,Candelaria,Rocha do Oeste,SC
58514310,"Vereda de Lima, 7",Graça,Silva,BA
31545901,"Passarela Augusto Monteiro, 5",Vila Santa Rosa,da Rocha,SE
37832-978,"Vereda Gonçalves, 93",Vila Madre Gertrudes 1ª Seção,Martins do Galho,AC
35021-192,"Ladeira Bruno Dias, 792",Camargos,da Conceição,PA
94899-452,"Alameda Benjamin Farias, 73",Pirineus,Vieira,TO
01669085,"Estrada Silveira, 92",Dom Joaquim,Rodrigues,MT
29040559,"Praia Porto, 39",Vila Da Amizade,Porto,TO
95661-822,Chácara Benício Araújo,Santa Rosa,Moura da Prata,RS
12514-311,"Viaduto Moraes, 161",Vila Bandeirantes,Ribeiro,PR
00059357,"Trecho Matheus Melo, 45",Confisco,da Costa,RO
69306929,"Setor de da Luz, 48",Vista Alegre,Fernandes,PR
11359-027,"Lago Agatha Duarte, 2",Parque São José,Novaes,PA
15638433,"Área Ana Sophia Castro, 65",Santa Cecilia,da Mata de Minas,MT
94441033,Largo de Nunes,Novo Santa Cecilia,Azevedo,MT
48781245,"Condomínio de Fogaça, 2",Alpes,Porto Grande,GO
29225463,Viaduto Emanuelly Costela,Vale Do Jatoba,Monteiro,PE
31152-093,"Fazenda da Mota, 14",Conjunto Califórnia Ii,Pires,PR
76627702,"Travessa Raquel Viana, 17",Leonina,Silva,AL
38155-328,"Parque Ryan Rodrigues, 69",Lourdes,Farias,BA
75979-814,"Colônia Costa, 790",Alípio De Melo,Duarte,AC
79740-062,"Avenida Francisco Silva, 80",Vila Nova Dos Milionarios,Pinto,MS
31368-593,"Rodovia Ferreira, 4",Vila Calafate,Almeida,RR
93743-030,"Viela João Guilherme Carvalho, 97",Acaba Mundo,Costa de da Mota,AL
77153-717,"Viela Nascimento, 67",Baleia,Costela do Oeste,AP
64101-761,"Favela Jesus, 91",Ambrosina,Sales,PE
74352818,Recanto Lavínia Freitas,Ipe,da Mota do Campo,PE
55764382,"Vale Eloah Melo, 70",Vila Real 2ª Seção,Rezende,PA
78513205,"Lago Barbosa, 47",Atila De Paiva,Moura,PA
43795-530,"Largo de da Costa, 65",Vila Santo Antônio,Silva,DF
99971919,"Lagoa Benício Rocha, 13",Caetano Furquim,Alves do Galho,AP
05936-650,"Chácara Clarice Viana, 10",Outro,Campos,MG
67955080,"Colônia de Nascimento, 14",Etelvina Carneiro,Martins Grande,AM
50677552,"Conjunto Aragão, 754",Bonfim,Fogaça da Serra,CE
33251-186,"Ladeira Freitas, 56",Conjunto Bonsucesso,Novaes Alegre,RN
44179-702,Rodovia de da Mata,São Bento,Aragão da Mata,PA
91248-863,"Vereda João Gabriel Fogaça, 63",Betânia,Campos de Silveira,RN
03814179,"Residencial de Cardoso, 2",Vila Copasa,Araújo de Nascimento,PE
41302-853,"Viela Marina da Mata, 85",Antonio Ribeiro De Abreu 1ª Seção,Souza de Nascimento,MG
51022803,"Esplanada Isabella Melo, 5",Ermelinda,Lopes,CE
42537-677,"Esplanada Helena Freitas, 691",Vila Pilar,Gonçalves,MA
22894824,"Condomínio Correia, 72",São Tomaz,Silva,ES
99453-573,"Sítio de Almeida, 835",Custodinha,Nascimento Alegre,BA
29059596,"Lagoa de da Cunha, 763",Anchieta,Carvalho,AL
49820-695,Quadra Letícia Carvalho,Diamante,Ferreira,GO
74716-565,Viela Evelyn Barros,Vila Paris,Cunha Alegre,PR
17129348,"Rodovia de Aragão, 8",Vila Fumec,da Conceição,PB
59826740,"Área da Cunha, 36",Independência,Freitas do Oeste,PB
67909-325,"Morro Otávio Silva, 65",Vila São Gabriel Jacui,Cardoso,MA
56710625,Área de da Mota,Conjunto Jatoba,Rodrigues,PR
17735-776,"Praia de Lima, 58",São Geraldo,Ferreira,MG
60965-453,"Recanto Maria Fernanda Souza, 38",Pousada Santo Antonio,Cardoso da Praia,RS
86441-035,"Morro Augusto Vieira, 75",Vila Jardim Alvorada,Oliveira do Campo,SE
41353-733,"Pátio Thales Monteiro, 12",Vila Dos Anjos,Aragão de Vieira,AC
23756520,"Alameda Sophie Caldeira, 94",Floresta,Oliveira do Campo,SP
00986608,"Pátio da Mata, 27",Floresta,Ramos,ES
35032929,Favela de Rocha,Santa Branca,Lopes,MS
58664-819,"Distrito de Peixoto, 72",Cônego Pinheiro 2ª Seção,Azevedo do Amparo,RN
82407-803,"Fazenda das Neves, 2",Vila Madre Gertrudes 3ª Seção,Caldeira,TO
86675-737,"Sítio de Cavalcanti, 9",Vila Trinta E Um De Março,Almeida Alegre,RR
43891856,"Recanto das Neves, 19",João Alfredo,Costela,AM
94877487,Passarela Maria Sophia Carvalho,Aparecida 7ª Seção,Freitas da Prata,RR
85943152,Aeroporto de das Neves,Conjunto Califórnia Ii,Monteiro de Caldeira,SE
55091-442,"Loteamento de Teixeira, 20",Marieta 1ª Seção,Rocha de Nascimento,SE
56735787,Rua Cunha,Cdi Jatoba,Cardoso,RO
16638842,"Sítio Aragão, 260",Cenaculo,Peixoto,MG
50906515,"Pátio da Cunha, 50",São Damião,Santos do Galho,RO
76837-653,"Condomínio de Oliveira, 3",Jaqueline,Melo do Amparo,AP
33774-938,"Praia Kamilly Rezende, 92",Cônego Pinheiro 1ª Seção,Lopes,PR
86405-701,"Viela de Nogueira, 17",Jardim Do Vale,Araújo do Galho,BA
29973-647,"Pátio Milena Vieira, 93",Vila Piratininga Venda Nova,Nascimento,AL
30795-347,"Colônia Pedro Henrique Nascimento, 27",Itatiaia,da Paz,CE
43753-906,"Trevo Ferreira, 82",Vila Calafate,Porto,PR
44555079,"Trevo Maria Cecília Oliveira, 5",Vila São João Batista,Barbosa,PA
38643077,"Passarela de da Mata, 43",Maravilha,da Paz,PR
40240621,"Loteamento Fernanda da Cruz, 53",Guarani,Rezende do Norte,CE
68167-956,"Lago Sophia Pires, 9",Funcionários,Peixoto,PE
16184-963,"Esplanada de Cavalcanti, 15",Vila Maria,Cardoso de Teixeira,MS
25195-423,"Trevo Nascimento, 63",Pindura Saia,das Neves Grande,MG
34551660,"Passarela da Costa, 78",Santa Cruz,Aragão Verde,MT
38625-021,"Colônia de Freitas, 3",Grotinha,Silva do Amparo,MG
61910333,"Condomínio Oliveira, 2",Ipiranga,Nunes,RO
57903262,Recanto Vieira,Vila Boa Vista,Dias,AL
22480806,"Trecho Isadora da Mata, 7",Califórnia,Nunes,RO
70799859,"Conjunto Aragão, 84",Ademar Maldonado,Azevedo Verde,GO
87114-277,"Recanto de Alves, 62",Boa União 1ª Seção,Silveira,PR
29905312,"Viela de Azevedo, 30",Concórdia,Ribeiro,MG
39319507,"Loteamento Peixoto, 5",Santa Rita,Duarte das Flores,BA
93871989,"Praça Lima, 286",Paraíso,Carvalho do Galho,AP
69672-902,"Rodovia da Mata, 2",Santa Helena,Novaes do Galho,RN
89186-804,"Esplanada Joana Ribeiro, 58",Belmonte,Lopes de Dias,PI
14519-683,Recanto de Moreira,Santa Inês,Moraes do Norte,PB
91254-984,Morro de Gonçalves,Vila Nova Paraíso,Rezende de Oliveira,PB
13514-760,"Via Santos, 41",Novo Glória,da Cruz Paulista,PI
39322222,"Rua Novaes, 89",Buritis,Ferreira,PR
63819641,Morro Bárbara Aragão,Mirtes,Dias,AP
00980101,"Praia de Pires, 55",Vila Madre Gertrudes 1ª Seção,da Rosa de Gonçalves,SE
75758-577,"Morro de Teixeira, 3",Vila Antena,da Conceição,RS
49106-909,"Ladeira de Peixoto, 6",Apolonia,Fogaça,PB
14415-688,"Esplanada João Guilherme Jesus, 87",Vila Madre Gertrudes 1ª Seção,Ferreira,MT
01461-892,"Fazenda Clarice Costela, 752",Delta,Peixoto,PB
48435137,"Loteamento Santos, 632",Alto Caiçaras,Souza,PE
42861-274,"Residencial de da Cruz, 55",Vila São Gabriel Jacui,Pires,SP
74011-750,"Sítio de Novaes, 85",Sion,Moura,SP
29531-050,"Sítio de Azevedo, 23",Vila Nova,Pires das Flores,SC
85157-717,Setor Cardoso,Álvaro Camargos,Fogaça,MS
66040-780,"Rodovia da Rocha, 85",São José,Oliveira de Campos,DF
87744328,"Área Carlos Eduardo Jesus, 70",Floresta,da Mota Paulista,BA
53584213,"Conjunto Kaique Correia, 82",Prado,Vieira,AM
64166891,Pátio de Lima,Vila Da Ária,Rodrigues,DF
36089670,"Trevo Lopes, 53",Vila São João Batista,Cardoso,MG
01323-265,"Colônia de Lima, 286",Vila Paraíso,Ramos do Galho,AP
83217481,"Sítio Melo, 17",Jaraguá,Lopes Alegre,MT
29629-230,Campo da Paz,Coração Eucarístico,Correia,DF
62241-492,Área Camila Viana,Vila De Sá,Azevedo do Campo,PR
18010890,"Favela Barros, 95",Vila Atila De Paiva,Silveira,AC
98552669,"Vale Enrico Ramos, 93",Conjunto Capitão Eduardo,Rezende,PI
29018482,"Morro Lavínia Jesus, 1",Jardim Atlântico,Rocha,PA
12713-369,"Loteamento Almeida, 4",Leonina,Gonçalves,RN
82555555,"Distrito Alexandre Farias, 41",Vila Havaí,Gonçalves,MS
48458-123,"Estação Thales Moraes, 79",Dom Silverio,Moura,GO
56359071,"Aeroporto Giovanna da Mata, 21",Vila Jardim São José,Vieira de Moura,AP
01595577,"Vale de Nascimento, 20",Floramar,Fogaça da Serra,RJ
56966-546,Conjunto de Rezende,Novo Ouro Preto,da Luz da Praia,SP
80656-097,"Sítio Fernandes, 55",Vila Madre Gertrudes 1ª Seção,Ribeiro da Praia,DF
92811-762,"Avenida Vieira, 461",Madre Gertrudes,Vieira Paulista,SC
91598954,Trevo de Araújo,Coqueiros,Farias da Mata,AL
57209131,Estação Caldeira,Teixeira Dias,Moreira,AL
08550-540,"Largo de Nogueira, 444",Marajó,Caldeira,PA
66106045,"Ladeira de Jesus, 5",Nazare,Aragão da Prata,MG
06860-877,"Travessa Maria Alice Nascimento, 9",Universitário,Teixeira de Aragão,MA
34716131,"Favela Rezende, 674",Jatobá,Cunha do Amparo,PR
66158-162,"Conjunto de Ferreira, 52",Vila Da Amizade,Silva,MS
25605-688,"Vila de Almeida, 71",Vila Ouro Minas,Almeida,SP
63879-366,"Colônia Valentina Nogueira, 79",Santa Branca,da Costa do Galho,RN
89150569,"Quadra Vieira, 812",Universo,Gomes do Galho,DF
28258-706,"Fazenda Mariana Fernandes, 246",Solar Do Barreiro,Farias dos Dourados,ES
09649074,"Núcleo Alícia Rezende, 99",São Luiz,Freitas de Goiás,AC
00463-163,"Praça Melo, 79",Coqueiros,Pires da Mata,MS
86550-405,Lagoa de Peixoto,São Luiz,da Mota da Prata,BA
57996332,"Morro Lucca Ribeiro, 95",Jardim Do Vale,Gonçalves,CE
92094-495,Campo Alice da Cunha,Manacas,Duarte de Porto,ES
54842-699,"Rua Rafaela Ribeiro, 305",Vila Nova Cachoeirinha 3ª Seção,Jesus da Mata,ES
41542-422,"Lago da Cunha, 93",Aarão Reis,Freitas,MA
33214-286,"Pátio de Dias, 54",Chácara Leonina,Alves,RO
44539113,"Travessa Pinto, 922",Vila União,Cardoso do Sul,PB
48039769,Condomínio Laura Melo,Vila Puc,Peixoto Verde,MA
97983-965,"Lagoa Daniela Costela, 31",Vila Formosa,Pinto da Prata,CE
52286-204,Chácara de Moura,Lagoinha,Pinto Grande,AP
35455-166,"Residencial de Cardoso, 74",Primeiro De Maio,Castro,PA
90531569,Rua de Barros,Floresta,Ferreira do Norte,MG
44810-227,"Vereda Igor da Rocha, 65",Leonina,Lopes,SE
92923-718,"Morro Duarte, 74",Santa Cecilia,Peixoto do Amparo,MS
41558934,Vereda de Aragão,Vila Nova Gameleira 3ª Seção,Silva,SP
36048-403,"Campo de Peixoto, 7",Novo Santa Cecilia,da Paz Alegre,RR
13379-521,"Viaduto João Nascimento, 14",Camponesa 2ª Seção,Pires,MT
25580-433,"Travessa Viana, 232",Palmares,Cavalcanti de Nunes,PA
56073650,"Ladeira Raquel Araújo, 21",Vila Antena Montanhês,da Rosa de Araújo,SE
38711952,"Condomínio de Costa, 803",Itaipu,Melo da Prata,MT
55003923,"Rodovia Mirella Teixeira, 9",Ouro Preto,Azevedo,RR
57685731,"Fazenda Benício Duarte, 531",Manacas,Silveira,RS
31967860,"Trevo de da Cruz, 62",Vila Petropolis,Silva,RO
48144-470,"Estrada Lima, 82",Floramar,Aragão de Martins,RS
15007412,"Vale Ferreira, 407",Santa Monica,Pereira de Azevedo,CE
15324-533,"Lago Mendes, 130",Boa Esperança,Souza,BA
09178146,Lago da Paz,Vila São Geraldo,Nogueira,RR
79951-008,Praia de Teixeira,Vila Dos Anjos,Moreira,SP
68415-795,"Residencial de Lima, 70",Vila Maria,Costela do Oeste,DF
73852-768,"Favela Nathan Cardoso, 95",São Gabriel,Oliveira,PI
56291240,"Aeroporto de Almeida, 892",Vila Olhos D'água,Viana do Oeste,RS
60970937,"Condomínio de Martins, 202",Jardim Felicidade,da Luz do Norte,MT
23945-837,"Parque Jesus, 4",Vila Rica,Fogaça Verde,AM
53616175,"Praia de da Rocha, 87",Aeroporto,Martins do Campo,ES
74275-700,"Ladeira Cardoso, 7",Beira Linha,Martins,MG
51187877,"Recanto de Fernandes, 3",Vila Madre Gertrudes 2ª Seção,Araújo da Mata,CE
01948076,"Sítio Maria Luiza Cavalcanti, 6",Vila Dos Anjos,Porto,MT
33865150,"Conjunto de Rezende, 10",Conjunto Bonsucesso,Costela,MA
70811-663,"Viaduto Novaes, 27",Itaipu,Cavalcanti,MA
38905127,"Parque Benício Fogaça, 772",Bonfim,Gonçalves,AC
93029728,"Lago de Novaes, 60",Nova Esperança,Farias,BA
11136305,"Praça Lima, 23",Conjunto Lagoa,Moura,DF
28101050,"Estação Castro, 96",Estrela,Lopes de Azevedo,BA
73091355,"Distrito Laura Farias, 922",Camponesa 1ª Seção,Pinto,AC
06426648,"Estação Ana Júlia Melo, 40",Barão Homem De Melo 3ª Seção,Ramos,PI
57168871,"Pátio de da Mata, 54",Ribeiro De Abreu,Carvalho dos Dourados,PR
85121326,"Área Rafael Jesus, 68",Bonfim,Duarte do Campo,RN
72095-021,"Ladeira Isabel Duarte, 7",Santa Amelia,Fogaça,SC
43073-983,"Morro de Cardoso, 36",Vila Engenho Nogueira,da Rocha,MT
79196663,"Trecho Melo, 724",Heliopolis,Martins de da Mota,PI
40740036,"Via Azevedo, 80",Conjunto Serra Verde,Costela da Mata,GO
76561782,"Largo de Nogueira, 8",Venda Nova,Dias da Mata,CE
80899-081,"Feira Rafaela Ramos, 56",Vila Novo São Lucas,Peixoto do Galho,MG
58979-798,"Distrito de Nunes, 81",Silveira,Farias do Oeste,CE
00260-789,"Condomínio Sophie da Rosa, 20",Vila Cloris,Araújo do Campo,RS
42206-048,"Vale de Teixeira, 7",Vila Nova Cachoeirinha 3ª Seção,da Paz Alegre,SC
69951-728,"Passarela Lima, 5",São Damião,Correia do Campo,GO
81484136,Ladeira Emanuelly Peixoto,Xodo-Marize,Dias de Souza,MG
87548-419,Via de Rodrigues,Nova Cintra,Melo da Prata,RN
95335-315,"Praça Porto, 162",Conjunto Lagoa,Aragão,TO
17896290,"Trevo Lopes, 75",Novo Ouro Preto,Alves Grande,AM
00072343,"Sítio de Correia, 44",Maravilha,Freitas do Galho,SE
05555937,"Vila de Ramos, 53",Brasil Industrial,Lopes,AL
81851-501,Travessa de Jesus,Jardim Vitoria,Costela,DF
80336606,Morro Isadora Moraes,Prado,Pinto do Oeste,RJ
99164-452,"Parque de Dias, 4",Distrito Industrial Do Jatoba,Lopes,AP
53356190,"Rua de Almeida, 72",Santana Do Cafezal,Souza,SP
56590697,"Travessa de Moura, 35",Pompéia,Rodrigues,DF
38338-073,"Sítio Emanuelly da Rosa, 30",Jardinópolis,da Cunha,BA
41529-741,Travessa de Martins,Barro Preto,Viana de Dias,GO
05782-920,"Campo de Nascimento, 18",São João Batista,Moraes Paulista,TO
99677-554,"Aeroporto de Cavalcanti, 70",Ouro Preto,Barros,SC
18875706,"Alameda Sophia Campos, 13",Novo Santa Cecilia,Campos,RN
41398-709,"Chácara Luiz Miguel Costela, 58",Jaraguá,Moura do Oeste,PI
64566-333,"Sítio Ian Nunes, 30",Coração Eucarístico,Monteiro do Galho,CE
85052595,"Residencial de Rezende, 758",São Paulo,Farias,MA
13020432,"Jardim Yago Barros, 42",Mangabeiras,Azevedo,RJ
69421-763,"Lagoa João Miguel Souza, 9",Vila Barragem Santa Lúcia,Moraes de Araújo,GO
66302-843,"Lago de Fogaça, 11",Paquetá,Cardoso,RO
40619542,"Quadra de da Paz, 92",União,Moraes da Prata,SC
09848821,Pátio Bryan Dias,Alto Dos Pinheiros,Almeida,ES
00189-473,"Conjunto de Moreira, 67",Marajó,Martins,AM
06367-078,"Residencial Ana Nogueira, 48",Rio Branco,Barbosa do Amparo,RS
16439-754,"Chácara de Monteiro, 508",Granja Werneck,da Mata,AC
03101456,"Avenida João Gabriel Mendes, 50",Nazare,Nunes do Amparo,CE
78706045,"Residencial Rezende, 80",Caiçaras,Castro,BA
84544-832,"Passarela Melo, 10",Santa Lúcia,da Rocha,MT
82272495,Aeroporto Oliveira,Pompéia,Farias,BA
37443-411,"Ladeira de Costela, 42",Belvedere,Alves da Mata,CE
41858-412,Residencial de da Rosa,Leonina,Pinto Paulista,BA
83797780,"Rodovia Monteiro, 16",Vista Alegre,da Paz do Amparo,RR
85168001,"Praia de Teixeira, 83",Conjunto Celso Machado,Almeida Alegre,RN
29901325,Praça Silveira,Taquaril,da Paz,PA
54650902,"Jardim Lima, 7",Nossa Senhora Da Aparecida,Cardoso,BA
79789-289,"Núcleo Fernando Mendes, 828",Vila Ecológica,Cavalcanti,SP
86331185,"Setor Mendes, 1",Aparecida,Moreira do Amparo,MS
28425-290,"Passarela Levi Oliveira, 62",Boa Viagem,Fogaça Alegre,AC
09353-997,"Vale Campos, 78",Conjunto Minas Caixa,da Costa Grande,MG
25348526,"Lago Otávio Moreira, 1",Mangabeiras,Costela,RR
98586308,Via Pires,Mariquinhas,Moraes do Amparo,SC
43570751,"Setor de Costa, 49",Senhor Dos Passos,Fernandes,SC
85193445,"Trevo Joana da Cunha, 70",Fazendinha,Freitas,AM
08366-768,Distrito João Felipe Almeida,Vila Madre Gertrudes 3ª Seção,Castro,RN
87631551,"Fazenda Isabelly Porto, 16",Grota,Silva de Ramos,AC
76152-430,"Loteamento Helena Rezende, 48",São José,da Paz do Galho,MA
80075520,"Estação Ana Luiza Melo, 41",Itapoa,Oliveira do Campo,SC
45336-551,"Avenida Raul Cavalcanti, 1",Mariano De Abreu,Vieira,SE
82781-944,Quadra Stella Pinto,Grotinha,Novaes do Campo,PR
79079647,"Parque Maria Clara da Cruz, 40",Flavio Marques Lisboa,Alves Grande,AP
06042-673,"Feira Bernardo Rodrigues, 62",Tres Marias,Carvalho,RR
78312051,"Pátio Rafaela Nogueira, 776",São Benedito,Ribeiro,RR
98471-193,"Vereda de Alves, 7",Vila Jardim São José,Farias das Pedras,AL
91033-254,"Viaduto Moraes, 3",Sagrada Família,da Paz,PR
75033-058,"Lago de Azevedo, 60",Cinquentenário,da Mota dos Dourados,RR
62321270,"Morro Araújo, 340",São Geraldo,Castro,RR
24762-709,"Feira de Peixoto, 1",São Damião,Lopes,RO
27237779,"Quadra Pietra Cavalcanti, 980",Minas Brasil,Freitas,AC
22703-448,"Residencial de Araújo, 7",Bandeirantes,Nascimento da Mata,MS
54084236,Rua Gustavo Lopes,Planalto,da Mata Verde,BA
36188293,"Jardim Isis Oliveira, 4",Conjunto São Francisco De Assis,Moreira de Goiás,AM
69702601,"Vale de Nogueira, 66",Vila Nova Paraíso,Nunes do Oeste,MS
93099-027,Área Lima,Ermelinda,Araújo da Serra,AC
62346-732,"Trecho de Silveira, 5",Distrito Industrial Do Jatoba,Araújo de Minas,RO
51568-595,"Praça Azevedo, 90",Bairro Das Indústrias Ii,Ribeiro da Praia,RS
77543-125,"Estação de da Mota, 11",Europa,Vieira,SC
80109-633,"Chácara de Vieira, 47",Vila Santa Rosa,Carvalho,AM
47929-533,"Morro de da Cruz, 22",Marçola,Rezende,DF
43627809,"Loteamento de Moreira, 71",Monte Azul,Oliveira,MG
92113-948,"Largo João Miguel Barbosa, 797",Cdi Jatoba,Caldeira,BA
90755-846,"Avenida de Teixeira, 69",Santo Agostinho,Correia dos Dourados,AL
92119-621,"Feira de Farias, 893",Salgado Filho,Vieira,AP
38231-568,"Residencial Rocha, 6",Andiroba,Lopes,SP
71475224,"Largo de Pinto, 50",Tres Marias,Cardoso,DF
32116-812,"Ladeira de da Rocha, 51",Tupi A,Nunes do Sul,AM
89919772,"Alameda Peixoto, 4",Urca,Cunha,MG
56950-376,"Condomínio Moreira, 95",São Paulo,Costela,PI
13636-911,"Aeroporto de Moura, 18",Novo Tupi,Ramos dos Dourados,AL
08311538,"Setor de da Costa, 199",Vila Nova,Gonçalves,MT
10281462,"Rua de Lopes, 92",Vila Paquetá,da Mata,AC
78556941,"Passarela Freitas, 2",Jardim Alvorada,Nogueira das Flores,SE
89872918,"Estação Lucas Mendes, 1",Novo Ouro Preto,Fernandes,PE
77559540,"Ladeira de Carvalho, 411",Acaba Mundo,Jesus,TO
67838883,"Quadra de Fernandes, 84",Santa Margarida,Ramos das Pedras,SE
43726080,"Praia Monteiro, 3",Vila Calafate,da Conceição,RN
80013-500,"Favela de Teixeira, 92",Madri,Carvalho,RN
21350-266,"Parque Caldeira, 16",Brasil Industrial,Nascimento,RS
75901-015,"Colônia Duarte, 22",Jaraguá,Lima,SE
97162271,"Colônia Bernardo da Rocha, 621",Canaa,Moreira,MS
93633345,"Passarela de Cavalcanti, 39",Santo André,Gomes de Viana,PI
35624-937,"Estação Lavínia Lima, 813",Vila Batik,Mendes,RJ
93743-044,"Residencial Ferreira, 43",Nova Cintra,da Luz das Flores,RJ
75122-894,"Passarela Daniela Lopes, 93",Vila Das Oliveiras,Vieira do Norte,SE
76907-764,"Colônia Melo, 840",Bandeirantes,Jesus do Sul,ES
61451-837,"Loteamento de Correia, 33",Flamengo,Araújo de Goiás,RO
73235-373,"Praia Castro, 43",Gutierrez,Teixeira Grande,AC
38596872,"Distrito Daniel Nunes, 31",Minas Caixa,Mendes,RN
91819-995,"Vereda Carvalho, 70",Túnel De Ibirité,Ramos das Flores,PB
31815329,"Quadra da Paz, 5",Parque São Pedro,Teixeira,PA
29544-372,"Morro Nicole Oliveira, 272",Aarão Reis,Castro da Praia,ES
66449-951,"Largo Valentina Vieira, 655",Glória,Rezende,PI
38750550,"Passarela Kaique Sales, 629",Vila Copacabana,da Costa do Campo,RO
36236537,"Passarela Catarina Farias, 76",Túnel De Ibirité,da Mota,RS
73454-196,"Viaduto Gabrielly Cardoso, 54",Monte São José,Monteiro de Minas,AP
09660756,"Estrada Novaes, 55",Dona Clara,Farias de Melo,ES
00021-298,"Campo Souza, 8",Vila Boa Vista,Porto da Prata,PR
48282611,"Fazenda Melo, 72",Nazare,Nunes,RJ
85734299,"Parque de Freitas, 67",Planalto,Jesus de Minas,AP
99552720,Campo Cunha,Carmo,Aragão,MA
03257413,Área Araújo,Nova Cintra,Alves,RJ
39023580,"Condomínio Bruna Silveira, 9",Vila Aeroporto Jaraguá,Santos de Pinto,MG
79362220,"Loteamento Pereira, 266",Aarão Reis,Alves de Cunha,DF
17014-387,"Estação Vieira, 39",Itaipu,Gonçalves do Sul,AL
16551-427,Setor de Novaes,Vila Jardim São José,da Paz do Campo,AP
37524-324,"Rua de Porto, 43",Vila Cloris,Ribeiro de Barbosa,PB
