banco,agencia,conta
"Caldwell, Turner and Hamilton",9645,300014
"Smith, Thomas and Velazquez",9030,853588
Cortez Inc,5233,758359
"Ross, Davis and Henderson",8042,714944
"Cole, Schroeder and Ramos",3618,197647
"Graves, Mcpherson and Williams",5103,775638
"Scott, Weaver and Harris",3471,392634
Perry PLC,7770,576740
"Graham, Mack and Harris",1182,983918
Jacobs-Garcia,3166,554744
"Terry, Evans and Williams",8443,538431
"Martin, Ramirez and Allen",7282,609642
"Thomas, Walker and Woodward",5172,791210
"Cantrell, Andrews and Cabrera",7384,967908
Anderson Inc,6698,990723
"Massey, Young and Lynn",5704,364959
"Morgan, Garcia and Bryant",3763,147854
Washington-Thomas,9342,507583
Wilkinson-Owens,5008,671946
Blevins-Powell,6964,185967
Castaneda LLC,9054,426967
Miller-Smith,2279,310391
Alvarez-Mitchell,4008,332409
"Ferguson, Greer and Johnson",6782,296446
"Miller, Davis and Martinez",2295,876861
"Moore, Robinson and Hernandez",5509,512968
Sanchez-West,7147,579767
"Patterson, Miller and Logan",2040,770397
Reed-Terrell,5811,846008
"Livingston, Massey and White",8446,258830
Lucas-Nunez,6215,995461
Cline-Burns,7253,374033
Payne Ltd,5719,440559
Guerrero Inc,7062,344893
Harris Ltd,2861,698020
Sherman-Peters,5068,926150
Taylor-Ford,1483,551039
"Owens, Frey and Woodard",7406,738442
"Anderson, Rogers and Snyder",2103,192763
"Rodriguez, Smith and Joseph",2762,275365
"Manning, Taylor and Schmidt",3406,112776
Williamson PLC,8082,260411
Lucas-Davis,9817,909124
Briggs-Jones,6993,224288
Chambers-Lynch,1005,151660
"Moran, Walker and Sanchez",4553,715696
Acevedo PLC,5206,447611
Clayton-Parsons,2652,878325
Jimenez Inc,7906,754089
Hebert-Simmons,7950,572173
Thomas-Davis,2455,208188
Wong-Greene,5543,946417
Butler-Garcia,8984,366729
"Hayes, Hunter and Davis",2973,588838
Nelson LLC,3756,816937
"Huffman, Allen and Hutchinson",3518,841100
Hubbard Ltd,8118,497470
Diaz Inc,9605,941815
Moore-Walker,6242,269873
Shah-Jenkins,2084,689906
Cameron-Montgomery,4070,755597
"Baker, Wilson and Hansen",2363,744783
Murillo-Shields,6296,463317
Morales Ltd,6433,733014
Allen and Sons,5476,690357
"Turner, Smith and Gonzalez",7452,364548
Rodriguez-Hudson,5399,694544
Griffith-West,8720,362505
Rodriguez-Henderson,8759,220572
Kelly PLC,7083,777218
"Phillips, Anderson and Lopez",2099,855937
Warner Inc,6710,982684
Gonzalez Inc,6702,796200
Phillips Inc,6451,647687
"Gamble, Buck and Owen",6604,750469
Brown Group,4834,230689
Gray-Williams,4406,233019
Cross-Rodriguez,2246,326964
Ballard-Lee,6919,776868
Jones-Wong,3092,884450
"Avila, Nelson and Owen",1380,274673
"Taylor, Gonzalez and Pace",5935,540839
Buckley and Sons,8582,346948
"Hughes, Allen and Macias",8146,659175
Kelly-Stephens,1394,269647
Cannon Ltd,1558,516682
"Martin, Joyce and Robinson",1251,410747
"Wolf, Wilson and Walker",1869,366377
"Williams, Lewis and Jones",8371,338825
Cruz LLC,8440,441889
"Williams, Barnett and West",1912,756108
"Mitchell, David and Hodges",7401,561618
Ballard PLC,6783,328182
Robinson and Sons,9999,784852
Brown-Garza,2077,760772
House Group,6401,156053
Garcia-Grant,3488,105695
Gutierrez-Ball,4147,664243
Andrews-Gonzales,7518,697660
Edwards-Parker,4904,458439
Wood-Reed,8834,556619
Winters-Alvarez,9011,718026
"Mccarthy, Vargas and Pacheco",4323,817141
"Marquez, Armstrong and Cross",7200,312712
"Butler, Charles and Bryant",9494,137865
Bradshaw-Peck,7442,811504
"Scott, Wilson and Foster",5649,883209
Hubbard Ltd,9427,927032
"Campbell, Cunningham and Beck",6399,860553
Strong and Sons,8926,577926
"Herrera, Mcknight and Coleman",3239,321289
Jacobs and Sons,3010,451190
Kim-Jefferson,1460,647454
Skinner-Perez,8825,942068
Alexander-Cox,7793,392159
Stafford PLC,4633,389888
Charles Inc,3457,692011
Riley PLC,6408,358744
Macias Inc,9195,142246
"Reeves, Hill and Ross",8338,678259
Carrillo Ltd,4630,730567
"Smith, Cervantes and Strickland",4865,160931
"Brown, Hess and Henderson",5134,841199
"Tran, Johnson and Wilkinson",9877,598035
Alvarado Inc,2134,777217
Watson-Vargas,1323,599939
Avery-Patton,5852,564187
Morris Inc,2898,347990
Blevins-Harris,1747,163634
"Meyer, Garcia and Cooley",4955,483088
"Hoffman, Morris and Fleming",5042,932014
Reynolds-Rowe,9209,828162
"Shaw, Ramos and Glenn",6786,511528
"Maxwell, Ayers and Long",9309,572228
"Wong, Buck and Chang",2381,119488
"Berger, Meadows and Ramos",7034,642039
Scott-Young,2796,903112
Roy-Gomez,2096,552245
Harrington and Sons,6406,137240
Robinson Group,5139,718898
Burton-Smith,9508,267634
"Clark, Miller and Marsh",2823,270959
"Wilson, Marquez and Cummings",7001,311224
"Peters, Guerrero and Day",9786,564973
"Wood, Allen and Fernandez",8571,471292
Williams Group,1221,967025
Parker-Roberts,2081,355485
Frank-Bell,9766,530854
Nicholson LLC,8192,460602
Adams-Hamilton,8279,135487
Holmes and Sons,2758,518596
Robertson Inc,3833,496443
"Mahoney, Schaefer and Ellis",1470,794961
Gonzalez-Cardenas,2045,454284
"Pratt, Waller and Duncan",7557,128164
Lawrence-Jackson,9919,708341
Merritt and Sons,9706,157966
Gordon and Sons,3356,701033
"Thomas, Gentry and Holloway",5305,285674
"Hudson, Lambert and Best",1260,231890
"Simon, Mcintyre and Randall",6927,264758
Tran PLC,2811,855940
Mills Ltd,8277,335994
Lamb-Medina,6542,987251
Moran-Johnson,4972,873161
Thompson and Sons,3475,502774
Salinas Inc,1561,417732
Miller-Preston,8835,537877
"Knight, Lara and Velazquez",8686,446247
"Lucas, Stewart and Smith",8904,883040
Shah-Stewart,5603,763001
Harrington-Day,3399,234074
"Patterson, Rodriguez and Martinez",4776,236612
Conley-Rollins,1764,997802
"Owen, Harris and Glover",9321,223174
Gibson PLC,3395,266204
Griffin Group,4218,465616
White-Thompson,7157,906038
Mueller-Ali,2927,894668
James-Zhang,3363,996467
Rivera-Shepherd,3539,746754
Robertson-Simon,3106,758764
Ortega Group,1289,217486
Carroll Ltd,3005,890412
"Shaw, Orozco and Burton",9842,328281
Mills Ltd,3951,766182
"Thomas, Reed and Skinner",2761,772708
"Mason, Johnston and James",1057,115096
"Hernandez, Sims and Cruz",2253,864307
Bailey-White,5601,886064
Tran PLC,3666,617189
"Obrien, Rivera and Flowers",5852,530623
"Mitchell, Miller and Williams",3858,882287
"Washington, Sosa and Santiago",9624,867859
Allen Inc,8383,950650
Simmons-Harvey,9356,585080
"Daniels, Rivera and Murphy",2228,545336
Fowler-Maldonado,2776,574900
"Gardner, Norris and Davis",7960,300119
"Harmon, Smith and Walker",8183,764956
"Marquez, Sanchez and Roberts",7563,316444
Kennedy-Stewart,8009,238558
Duncan Inc,8858,955590
Owens LLC,5060,574387
Powell-Howard,6623,760759
Sullivan-Gonzalez,1769,957604
"Evans, Wells and Griffin",6645,338802
Rivera-Moore,3487,147746
Price-Jimenez,1213,508598
Weaver LLC,4821,643039
James-Jones,5263,249133
"Bailey, Smith and Owens",9128,835982
Dougherty and Sons,7862,264824
Ayala LLC,1884,275465
White LLC,8665,482190
Hill Inc,6496,247458
"Chang, Clements and Garcia",6815,104648
Powell-Johnson,9425,461104
"Burns, Davis and Clay",7049,829850
Fletcher-Green,6723,190907
Peterson-Russell,4971,564914
Parsons-Hatfield,5207,678395
"Moreno, Franco and Becker",1096,652083
"Turner, Martinez and Duarte",6109,316039
White LLC,9684,753995
Kelley-Buchanan,5814,921615
Banks Inc,9129,149258
Garcia Inc,7508,462066
"Cline, Jones and Lamb",2965,443605
Mason Group,3124,800617
Howell LLC,2871,801013
Chan Ltd,9013,639916
"Dixon, Roberts and Warner",1226,949707
"Reyes, Mills and Mcknight",8400,603477
"Garcia, Thomas and Griffin",3471,273978
"Winters, Keller and Moore",5016,854049
"Sanchez, Harmon and Rodriguez",6390,925043
Martin PLC,4472,121547
"Brown, Ray and Martinez",7264,357933
Martinez-Floyd,5382,637719
Mckinney-Huber,1639,677907
Fisher-Johnson,8543,631711
"Craig, Gomez and Greene",3252,184724
Williams-Thompson,3844,443305
Keller-Yang,5136,977311
Rodriguez PLC,5269,555398
Perry PLC,4417,757134
"Johnson, Sharp and Cain",3904,270675
Schultz-Ramirez,3508,651801
Edwards and Sons,1553,626338
Patton Group,5409,614113
"Miller, Daniels and Zuniga",7497,253553
"Jenkins, Howard and Riley",8544,353121
Gomez and Sons,1018,302826
Mcmillan-Walters,1705,915118
Lee Ltd,7216,511792
Mccann and Sons,3263,354549
Williamson-Patel,8128,493833
"Garrison, Ramos and Flynn",4899,623436
Soto-Arroyo,8339,387403
Mueller Inc,4855,755244
"Underwood, Barton and Carter",8297,331451
"Hart, Tanner and Rivera",8929,668123
Williams Inc,8129,690150
"Lester, Robinson and Roberts",8046,895093
Jones and Sons,8217,580827
Hampton Inc,7018,205272
Howell-Davis,7331,703712
Atkinson PLC,4047,740578
"Schmidt, Wilson and Sherman",9008,799498
Ball-Barnett,1012,727393
"Holland, Lamb and Knight",7801,343567
Rowe Ltd,7906,344955
Cooper Ltd,4703,513339
Sanchez-Martin,1580,478314
George and Sons,9244,167194
Nixon and Sons,5824,797969
Lee-Brown,1899,231194
"Velasquez, Blevins and Gross",8147,562803
York-Jones,8023,619172
"Branch, Morgan and Peterson",7903,528947
Moreno-Alexander,6565,401980
"Riley, Richardson and Ray",9468,411286
Garcia and Sons,8133,229814
Coleman Group,8053,537373
"Cruz, Parker and Brown",8593,461938
Hughes and Sons,5043,742783
Williams and Sons,2609,897540
"Carter, Young and Mills",7384,715320
Marshall-Mccarthy,3452,378385
Thomas-Chavez,9914,977519
Webb-Evans,3835,532410
Bradford and Sons,3064,502499
Jones PLC,1480,298912
Williamson-Henson,4174,105900
Ramos-Mccoy,5617,850898
Miller and Sons,3679,244099
"Glenn, Brown and Ortega",1485,944057
"Shaw, Peterson and Miller",5231,822461
Williams-Johnson,9908,397712
Huff Inc,5077,310629
Harris-Brown,3669,201551
Vincent LLC,1135,516828
Thompson Ltd,7970,818434
Lowe Inc,7924,990702
"Campbell, Reynolds and House",8873,460595
Clark-Barnes,7549,541659
"Garcia, Stevens and Frey",7343,511948
Price-Smith,6179,920021
Johnson Inc,2490,920796
"Schultz, Burns and Harris",5156,526122
Mendoza Inc,5655,347922
"Rhodes, Hernandez and King",3189,619219
"Lewis, Clark and Ryan",2441,395460
Mcdowell-Johnson,9698,688877
Smith-Bray,7365,980506
"Lawrence, Santana and Hammond",1751,798119
Turner PLC,4163,901397
"Cummings, Thomas and Armstrong",7175,404168
Pratt-Wolf,6774,430885
Freeman-Andrews,3256,462940
"Fry, Jimenez and Baker",3902,315142
"Brown, Henderson and Hicks",4203,667667
Hansen PLC,5864,928475
"Sanchez, Garcia and Miller",3149,337032
Diaz-Tran,8107,273051
Young Group,4323,243602
Hayes and Sons,7225,641847
Bird and Sons,3534,813717
Abbott Group,4794,904638
"Chapman, Graves and Blackwell",8335,378351
Gonzalez Inc,9143,263742
Cox LLC,4982,942595
Wheeler LLC,7635,456010
"Mathews, Watson and Cunningham",8986,689732
Howard Ltd,8688,326329
Miller and Sons,9619,642453
"Velez, Parker and Morrow",9329,345863
Johnson-Thompson,7274,988071
"Watkins, Wallace and Russell",2352,567585
Baker-Phillips,8681,337525
Henderson-Morgan,1617,879158
Weaver and Sons,1477,952453
Carter and Sons,9227,342252
"Prince, Cordova and Huff",6154,569876
"Nguyen, Watson and Blackwell",5826,120157
Morris-Byrd,3426,949331
Gallagher-Lynch,1221,226453
Marks PLC,8946,892748
"Flowers, Brooks and Pierce",8523,502581
Martin-Owens,6722,235826
"Erickson, Castro and Hale",7158,820878
Foster-Perez,1444,138574
Davila-Gomez,2177,343489
"Brown, Morton and Rodriguez",5099,211160
Robertson-Burns,5606,450959
Curtis-Terry,8086,772064
"Cardenas, Smith and Spears",4771,434217
"Walker, Davis and Mendoza",9766,808734
"Diaz, Bradshaw and Ramirez",2455,602405
Gonzalez-Cardenas,1516,244276
Smith PLC,7335,278026
Johns Inc,9551,382314
Reyes-Thompson,4399,195692
Ellis-Fernandez,2523,342780
Mueller LLC,9766,947026
"Rubio, Frey and Barber",5484,163532
"Clarke, Warner and Gonzalez",9641,897148
Jackson-Koch,3021,717778
"Stone, Elliott and Lin",1665,572506
Washington and Sons,7044,771048
"Maldonado, Moon and Houston",1120,437410
Doyle LLC,7822,263101
"Smith, Hall and Gray",6845,337020
Lee and Sons,2460,748829
Santos and Sons,5512,772378
"Torres, Silva and West",3821,449434
"Martin, Tran and Williams",4787,788406
"Wilson, Barton and Frazier",9367,793591
Davies Ltd,1846,169280
"Miller, Davis and Johnson",4722,531973
White-Diaz,6910,311725
Green-Chavez,7317,295708
Kelley PLC,2792,376430
Bass-Thompson,9416,695709
"Davis, Webb and Lopez",2187,972497
"Sellers, Ward and Rangel",1294,838805
"Harvey, Mullins and Brooks",9308,677148
Adams-Todd,8449,848467
Nelson Ltd,5476,552107
"Harris, White and Buck",2467,530169
Tucker-Young,1711,931890
Robinson-Mckenzie,4279,695342
Jackson Ltd,9825,953003
Herrera-Brooks,6602,582388
Baird-Cordova,2498,637866
Clayton LLC,5567,695258
Gray-Cooper,3085,985458
Ross Ltd,3390,327236
"Mckinney, Lewis and Kirby",2886,769879
Williams Ltd,8445,929096
Wheeler and Sons,2984,278413
Haney-Larson,7630,685902
Gonzales-Patterson,7527,245231
"Sweeney, Lee and Rich",4578,765895
Griffin-Smith,8847,380362
Martinez Group,6603,389361
Butler-Watson,7998,443636
"Johnson, Marshall and Bernard",7297,256373
Porter and Sons,7620,891926
Evans-Blanchard,5869,391291
Good-Torres,1947,386839
Lee-Nunez,6194,699911
Silva-Wright,8427,581887
Boyd Ltd,8615,613762
Maldonado-Gibson,8831,590780
"Martinez, Drake and David",3330,273106
Dodson-Hunt,1124,807934
"Becker, Watts and Taylor",2570,900549
Moore LLC,9858,569779
"Smith, Gonzalez and Barry",1124,122347
Hernandez-Martinez,5619,200049
"Lane, Perez and Adams",9286,513565
Ruiz LLC,4604,350320
Williams PLC,7956,102100
Romero and Sons,6378,213958
"Castaneda, Hill and Santos",5078,462960
"Jackson, Wang and Jones",8129,466254
"Hendricks, Gomez and Wall",8502,927279
Gonzalez PLC,1990,285466
Edwards Inc,3468,550669
"Sosa, Burns and Watson",6380,902661
Wright and Sons,1866,925605
"Smith, Hogan and Calhoun",6782,141595
Wilson-White,3067,663192
Lewis-Martinez,1013,376746
"Elliott, Berry and Bradley",7789,898427
"Evans, Wilson and Johnson",7633,854080
Gonzalez PLC,9226,486503
"Welch, Evans and Grant",3489,632577
"Smith, Fletcher and Murphy",8015,602517
Fleming-Le,2503,850711
"Riddle, Santos and Brown",3581,443663
Kirk and Sons,7135,172063
"Sanchez, Robinson and Blair",2174,211182
Lewis-Jackson,2745,776416
Williams-Castro,3948,452215
Watson Inc,6360,435244
Meza-Evans,3066,989743
Murillo LLC,8874,224591
Knox and Sons,5247,987804
"Ramos, Juarez and Cook",9321,230949
Keith Inc,9686,691005
Brooks-Abbott,8294,228416
"Klein, Roberts and Mitchell",7424,117465
"Garrison, King and White",2233,189683
"Stewart, Shaw and Cooper",7513,130381
"Walker, Gray and Ingram",9070,732201
Henderson Group,1231,283227
Evans-Ritter,2708,708239
Farmer-Cook,4551,275795
"Thompson, Flores and Dillon",7062,755531
Evans-Fox,2008,212591
"Harris, Garcia and Ramsey",1264,260619
Simmons-Butler,4481,417750
Hill-Garrison,3310,769853
Ewing and Sons,3798,740420
"Gomez, Hernandez and Booth",3343,165516
"Simmons, Holt and Bailey",4641,732861
Rodriguez and Sons,3869,644035
"Elliott, Bradley and White",2794,587547
Richardson-Rivera,7155,959459
Palmer-Ortiz,3850,405966
"Green, Swanson and Kirby",8541,742140
"Sullivan, Greer and Ellis",1291,947563
Morgan PLC,8711,587183
Allen Ltd,7750,895863
Jensen Group,4536,320423
Thomas-Simon,1012,168472
Aguilar Inc,8017,927103
"Prince, Watts and Cordova",2313,764583
"Brock, Dodson and Coleman",8916,249525
"Leon, Wheeler and Morgan",5392,246887
Robertson LLC,9792,619891
"Klein, Fisher and Gonzalez",2737,272744
Livingston LLC,6964,950574
Miller Ltd,2426,807592
Ramirez-Schneider,8763,936018
"Gilbert, Carter and Pham",5139,304649
"Boyd, Richardson and Gilbert",8115,579487
Foster-Wilson,9231,745107
Mejia PLC,7406,982545
Guerra and Sons,5298,972156
Massey Ltd,3084,186674
Gonzalez LLC,5274,922463
Gillespie-Rogers,5800,363179
Lee-Lin,3196,285188
Myers LLC,6141,398969
Carter-Sandoval,7411,578733
"Harris, Miller and Dixon",8481,327251
Garrett LLC,5649,212105
Garcia-Hawkins,3477,430727
Miles-Jarvis,1486,669977
Williams-Gonzalez,6200,374968
Williams-Miller,9009,809975
Johnson and Sons,6260,278961
Ross and Sons,1374,120213
Williams-Morgan,3646,314934
Glass Group,6896,754023
Murphy and Sons,4321,227698
Murphy LLC,2605,705218
Foster-Preston,8605,265321
Johnson-Henry,3676,418140
Burke and Sons,7041,870066
"Ruiz, Jones and Davis",1382,319510
"Rogers, Key and Rodriguez",9180,454163
Knight and Sons,4174,735810
Hernandez-Henson,9069,960488
Zimmerman-Patterson,6990,157448
West-Washington,3075,364856
Houston-Collins,5056,320621
"Morgan, Carpenter and Gould",5153,510994
"Fleming, Patterson and Bray",6609,760617
Hall-Bell,7475,448593
"Hill, Nelson and White",6197,235684
Calhoun-Hickman,6510,205011
"Howe, Carter and Taylor",2708,709561
"Patrick, Johnson and Willis",9614,825477
Ross and Sons,2184,700944
Russo-Holland,6350,270082
Moore Group,1957,741016
Reynolds PLC,9263,867120
Shaw Group,4072,598759
Vincent LLC,3831,392311
"Sherman, Ochoa and Novak",7138,472487
"Turner, Peters and Washington",7621,736848
"Cantrell, Peck and Wright",6064,826763
"Brown, Fowler and Bell",4939,627202
"Hansen, Holt and Johnson",7719,916369
"Wilson, Jacobson and Payne",1073,959458
Perry and Sons,5198,168902
"Pierce, Williamson and Rodriguez",4258,828428
"King, Andrews and Robertson",7503,178909
Frederick Group,9018,234585
Riggs-Perez,7070,723265
Fitzgerald Group,2829,287247
"Campbell, Jensen and Wilson",6563,665432
Collins PLC,1531,440714
"Jimenez, Alvarado and Black",8749,791733
Lee Group,2242,840189
Baxter PLC,8752,158758
Kelly Ltd,7773,157452
"Skinner, Beltran and Gonzales",5663,176589
Arnold PLC,6209,205489
Lawson Ltd,5097,136765
King Ltd,7152,766758
Rivas Inc,6998,648338
"Jones, Kelly and George",4303,305589
Herrera and Sons,5335,522045
Thomas Inc,3108,132419
Valentine Inc,6233,774901
King Group,5685,552111
Harris-Greene,5490,636076
"Haas, Torres and Holmes",1623,746197
Moore LLC,7245,820551
"Brown, Miller and Tucker",8955,409855
Gibson-Williams,8975,384350
Lynch and Sons,2064,616900
Powers LLC,4314,912497
"Williams, Moore and Strickland",6516,511773
Walker-Lynch,6676,342971
"Bishop, Phillips and Munoz",6916,656597
Johnson-Campos,3960,943508
"Jones, Palmer and Vasquez",8269,789753
"Bradley, Sanchez and Williams",7308,856606
Jones-Thompson,7944,298463
Johnson Inc,7735,960582
"Miller, Watkins and Wallace",7148,226818
Cantrell Group,6119,838825
Santiago Inc,5795,992215
Brown-Hunt,4198,391520
Cunningham-Jones,6114,727034
Hansen-Orr,3664,298279
Moss PLC,2902,819983
Richardson LLC,7924,186194
Harper PLC,3599,776158
Martin-Buck,6060,668739
Hardy LLC,2485,310068
Owens-Maxwell,8651,608750
"West, Lawrence and Clark",7611,774447
Clark Ltd,3920,845147
Lewis Ltd,1605,118354
Lambert-Hayes,8648,949326
Powell-Middleton,6259,431864
Wright-Durham,3975,383821
Reid Inc,7857,759873
Bradley-Nelson,6733,599498
"Davidson, Beck and Anderson",8494,761458
Morrison-Cortez,2740,224514
Reyes LLC,5741,712827
Fuller-Taylor,6537,614063
Hampton-Herman,9350,255925
Scott PLC,9309,100761
Newton-King,4795,184421
Roberts LLC,6416,853205
Wilson Inc,7592,901358
"Meza, Richards and Miller",7839,385138
Sampson Inc,7422,196718
Hall Ltd,6721,512642
Lam-Hill,6678,650120
"Hays, Hammond and Perez",7342,190767
Hansen LLC,3964,587885
Gentry-Bell,5923,167564
"Clark, Lester and Cooper",5169,240721
"Newman, Hughes and Camacho",9474,304642
Luna-Gardner,5206,387246
"Smith, Clayton and Walsh",8232,799541
Perry LLC,6024,962289
Everett-Morgan,8996,365736
Shaffer-Hunter,9607,489951
Schneider-Stewart,9871,354988
"Schultz, Bruce and Berry",1744,505649
Sanders-Solis,9726,215977
Jimenez Group,6214,162982
Crosby-Jones,2275,239631
Hopkins Inc,1199,307553
"Jordan, Payne and Buck",6459,693406
Mcguire-Johnson,1938,209152
Williams and Sons,2276,767147
Hart-Johnson,4540,147260
"Wright, Meyer and Mendoza",9298,762319
Williams-Bailey,7026,304584
"Waller, Krueger and Lynn",4057,162381
"Johnson, Williams and Anderson",6700,153395
White Inc,8685,693975
Flores-Simmons,6708,558641
"Ball, Rodriguez and Lopez",7004,977660
Gonzalez-Jackson,7840,128266
"Montgomery, Fisher and Rosales",7768,333741
Smith-Boyd,8331,354979
Heath-Montoya,6886,541239
Dennis-Harris,2410,342049
"Miller, Lee and Beck",5657,364531
Ramirez Ltd,4842,234798
Nguyen and Sons,4537,725869
Hawkins-Davis,5515,289919
Mueller Group,3118,372102
Hernandez-Marshall,1303,479538
Schmitt-Foster,6802,487990
Hall LLC,8527,881915
"Mcfarland, Perry and Jennings",4354,218870
"Meyer, Martin and Ray",7669,105331
"James, Knight and Beltran",9180,131000
Lambert-Cuevas,9884,450035
Alvarado-Smith,4100,256382
Vaughn-Steele,8541,894434
"Nelson, Johnson and Roberts",2000,437940
Arnold Group,3365,367978
Duran and Sons,4206,370382
"Fisher, Levine and Miller",1688,236588
Bradford PLC,1321,985180
Weiss-Luna,1877,445964
Robinson-Brock,4051,219077
Hendricks-Morales,7537,892484
Rhodes Group,4198,837517
Oconnor Ltd,5104,231024
Gould-Santiago,7323,334382
"Mitchell, Gonzales and Dawson",6468,388157
"Fleming, Nguyen and Soto",3707,478305
"Pierce, Lam and Frank",6873,464638
Bender-Ferguson,5235,752809
Harris-Cantu,4522,201867
Brooks and Sons,3537,882008
"Paul, Cruz and Sanders",2910,546955
Chan PLC,8328,710428
"Campbell, Tran and Wiley",4710,107671
Hopkins Inc,7226,231098
Lawrence-Morales,3785,504891
"Gordon, Gonzalez and Bryant",4857,888020
"Sims, Price and Brown",1782,172906
"Williamson, Hall and Lawrence",7399,954133
Williams-Hammond,4053,281569
Buckley-Clarke,6106,112991
Davis-Gibson,9452,149683
Webb-Martinez,7357,914522
Lopez-Edwards,1112,864996
Johnson Inc,7161,145739
Hayes-Sandoval,4658,570111
Morgan and Sons,2412,955259
Figueroa-Lawson,5426,491928
Fox-Wu,1368,476263
Mayer LLC,2164,684858
Sanchez Ltd,7708,302330
Hernandez Inc,6149,342839
Solis-Duarte,3222,878911
Rivas LLC,8219,852359
Salinas-Rodgers,7806,319814
Bryant-Price,1722,998488
Day Group,5981,852103
Grant-Norris,6416,338631
Collins-Murray,9376,454796
Jimenez-Morales,3958,700674
Singh-Murphy,8918,436653
Lawrence PLC,5790,961971
Hartman-Martinez,3533,953084
Schmidt-Joseph,5322,294054
Robertson-Williams,1903,733397
Strong-Patel,9041,642840
Thomas-Garcia,1301,660784
"Hughes, Johnson and Richardson",6898,370809
Smith PLC,5302,781406
Martinez-Garza,7485,455309
"Douglas, Hall and Campbell",2739,917989
Stanley Group,9893,662925
"Howard, Alexander and Barber",1002,578439
Douglas Inc,5544,957827
Gonzalez Group,8706,960558
Clark Inc,9540,479385
"Harris, Adams and Jones",6578,587198
"Nguyen, Woods and Kim",9700,508638
Wilson Ltd,4528,571657
"Thomas, Riley and Jensen",1301,860967
Bryant-Johnson,6455,600873
"Collins, Black and Perez",6135,965161
"Mills, Berg and Thomas",9034,322230
Simmons-Robles,5186,264726
Hawkins LLC,9294,993680
"Yates, Levy and Webb",2794,636247
"Ortiz, Gardner and Dillon",2063,538007
"Marquez, Scott and Cooper",2984,437830
Carter-Holland,4680,614831
Shaffer-Day,7329,313352
Harris Ltd,1009,439644
"Wood, Rodriguez and Davies",1444,731181
"Blevins, Williams and Campbell",9713,147042
Bryan Group,5513,547083
Shepherd-Dickerson,3802,742326
"Brown, Klein and Norris",3555,767772
Peterson and Sons,6724,354278
Morrison Inc,9513,928387
"Chavez, Saunders and Smith",4962,598384
Jefferson-Dunn,2569,820616
Dennis LLC,4963,418296
Beck and Sons,4013,524791
Baird Group,4031,667025
Ellison-Williams,4384,327486
"Velazquez, Adams and Michael",3777,693018
Cohen-Travis,2510,960132
Davis-Brock,3195,323191
Adams-Mckee,9134,526567
Sullivan-Werner,2389,131778
Rodriguez-Cowan,8421,292410
Thomas-Adams,6001,709416
"Watson, Weaver and Castillo",6088,117648
Harrington Group,6581,164819
"Bailey, George and Hensley",9039,182246
Barton-Murillo,4308,773904
Smith-Lane,3489,383718
"Arias, Joseph and Dixon",2032,550244
Fleming and Sons,7148,570376
Fuller-Austin,3953,384590
"Wright, Clark and Reed",2931,296087
Rojas and Sons,9284,372870
"Perez, Jones and Delgado",8445,634228
"Burgess, Chandler and Bates",8439,363402
Webb-Miller,4343,462149
"Henderson, Morrison and Thomas",9049,297501
Morris Inc,8684,464767
"Burns, Perez and Ali",9915,451406
Mcmahon-Wilkerson,1481,292575
Romero Ltd,5604,208560
Ruiz Group,6263,331069
"Adams, Jones and Perez",7414,304206
"Jones, Harris and Marsh",6508,449179
Cox-Johnson,1080,979658
Grant-Miller,2483,440404
Hill LLC,9984,641228
Garrett-Huber,8533,670522
Johnson-Valencia,1350,501121
Ross-Shaw,8107,559561
Price-Cannon,6972,589128
"Arnold, Rogers and Martinez",9070,907939
"Bradshaw, Jones and Reid",1220,457717
Nelson-Taylor,8795,721422
"Massey, Yang and Green",6805,436421
Pham Inc,7785,126251
"Christian, Huff and Neal",4870,250263
Peterson LLC,9419,166822
"Lawson, Malone and Lewis",6085,553632
Hernandez-Robertson,2327,582544
Gomez Group,5799,147027
"Wilson, Cooper and Harris",2406,584158
Hernandez PLC,7600,146350
"Woodard, Payne and Arroyo",4132,642058
"Barnes, Gonzalez and Smith",5635,274342
Wilson-Galloway,1184,128093
Thomas and Sons,7770,579112
"Patrick, Roman and Farrell",1292,643578
"Heath, Watts and Pierce",4014,601511
Mathis-Gardner,9940,712110
"Massey, Miller and Olson",3763,780045
Wolf-Baker,9484,369813
"Patrick, Short and Stevens",5655,377973
Barker-Turner,6405,708313
Roberts LLC,4621,108438
"Williams, Mills and Gonzalez",8508,972480
"Davis, Hodges and Jordan",5574,468820
Sanders PLC,9837,593827
"Stewart, Bond and Lawrence",6529,459570
Garner-Atkinson,1082,803382
"Buchanan, Patterson and Davis",8455,898576
Rodriguez and Sons,1574,509122
Smith Inc,8113,256316
Schwartz-Jackson,7640,546791
Hicks-Chapman,6971,574284
Ramirez and Sons,2310,229815
"Jones, Young and Hicks",9503,220583
Robinson Inc,5146,736702
Larson Ltd,8833,664209
Thompson-West,9292,391707
Romero-Anderson,5358,114993
Rodriguez-Williams,3329,185092
Griffin-Garcia,4238,398806
"Johnson, Brown and Campbell",2451,509775
"Davila, Price and Phillips",6359,157842
Banks and Sons,5819,557730
"Barber, Ramirez and Mueller",5503,522831
Davis Group,1227,380659
Sloan-Hoffman,8916,587574
Morrison-Carter,9400,782266
Rios-Jacobs,3806,757983
Ward-Hughes,9261,158871
Cooke LLC,5848,920553
Rodriguez-Wolfe,6513,488073
French-Buck,5847,638122
Morgan-Brown,7338,295291
Garcia LLC,2175,546113
"Costa, Pacheco and Velasquez",3791,192636
"Reyes, Baldwin and Ferrell",5558,138969
Norton Inc,2472,557798
"Khan, Berry and Klein",1811,737815
Edwards and Sons,3191,512734
Vargas PLC,2869,736265
James PLC,6374,532802
Huffman and Sons,1814,638842
Lynch-Bradford,4094,158117
Jones Inc,8772,746480
"Montoya, Howard and Griffin",4987,695931
Horn-Miller,8155,117668
Moreno-Parrish,7430,302670
"Dougherty, Berry and Bryant",8713,765653
"Zavala, Williams and Rocha",4968,849020
Nolan-Thomas,7489,998129
"Gray, Lutz and Hale",2761,630932
Fields-Delgado,3340,947859
"Wheeler, Williams and Smith",6114,719263
"Hayden, Jackson and Cherry",7180,209471
"Rose, Vargas and Johnson",3482,862413
Murray LLC,6956,418221
King Ltd,1017,298132
Ross-Carrillo,8381,334026
"Meyers, Blackwell and Mayo",1740,393909
"Brewer, Rodriguez and Aguilar",3943,860091
Welch Ltd,9703,866581
Leonard Group,5832,905093
Reid and Sons,6198,536289
Robbins Inc,3683,668379
Coleman Inc,8159,607182
Hopkins-Schwartz,3314,386157
"Garcia, Bailey and Mann",6056,796011
"Browning, Young and Bryant",2033,734142
"Rhodes, Pena and Woodward",8130,693883
Roberts Inc,3176,515714
"Ramos, King and Johnson",7453,716726
Robinson and Sons,1409,898575
Russo-Russell,9161,171541
Miller Ltd,3137,553044
Tran LLC,7085,744578
"Parker, Butler and Hunt",2147,500706
Chase-Gilbert,9603,965505
Aguilar-Lee,6429,381717
Barton-Lewis,5102,443069
Lewis LLC,2159,413662
Bolton-Tran,8031,819581
"Smith, Warren and Mccormick",6194,886832
"Carter, Johnson and Harris",6669,989811
Graham-Ritter,8315,905197
Harris Group,1342,392506
Vang Group,3671,637719
"Clark, Thomas and Crawford",4054,859900
Pearson and Sons,7548,438132
"Bryant, Roberts and Anderson",2108,276342
"Nguyen, Reynolds and Howard",3457,386377
"Campbell, Barnett and Kelly",7893,166264
Gross and Sons,6531,929682
Thompson-Beard,6118,420995
"Christian, Wilson and Padilla",4263,818056
Carr-Gray,2139,455456
"Hill, Ferguson and Berg",5002,941522
"Vargas, Gonzales and Ward",8888,909554
"Garrison, Clark and Bell",9196,575416
"Robbins, Turner and Hughes",6591,727691
Pittman-Ellis,1743,270282
Burton-Jimenez,6760,826647
Gallagher-Patton,6438,120065
"Silva, Cruz and Bowen",1009,838303
Phillips-Warren,7902,406704
King PLC,5533,607912
Burgess Ltd,4303,219678
"Jones, Reynolds and Reyes",4567,951268
"Monroe, Silva and Thompson",7053,336343
Garcia Inc,5011,177478
Singh-Harris,3740,843240
"Goodman, Joseph and Barton",7164,981163
Kim Group,2625,889314
"Hale, Cummings and Duran",1022,421669
"Smith, Roy and Perkins",3864,115366
Allen-Brown,1696,475978
Hernandez-Monroe,5447,564985
"Valentine, White and Medina",1559,593845
Gonzalez-Jensen,6666,979699
Erickson-Gross,6202,202189
"Barnes, Parker and Hines",3093,573960
Richardson-Larsen,3322,221839
"Butler, Houston and Jones",9852,652053
Fuller Ltd,3471,789644
Moreno Ltd,1313,312993
"Jones, Singh and Ochoa",1009,764989
"Grant, Martinez and Kelly",5778,529734
"Mata, Dunlap and Schmidt",7313,995303
"Wright, Mccoy and Malone",5990,461812
Brown Inc,8180,160204
"Gould, Ross and Vargas",8692,567803
Jenkins-Chavez,8969,129008
"Davila, Johnson and Hammond",7588,729875
Walsh-Arroyo,6688,343388
King PLC,6520,874391
"Nash, Lucas and Schroeder",9758,229785
Wilkerson-Brown,9189,225700
"Turner, Molina and Ortiz",9357,417926
King-Thompson,4867,614404
"Johnson, Butler and Church",8673,121318
"Short, Miller and Ford",6991,727233
"Powell, King and Chavez",8452,830366
Reynolds Ltd,4396,966381
Strong-Stark,5202,427174
Walker and Sons,2392,161798
Khan Ltd,8717,763871
Murphy PLC,9284,667533
"Anderson, Kelly and King",1266,783513
Walker-Cabrera,5175,970985
Vasquez Group,3337,985649
Mcdowell LLC,5943,787583
Oneill Ltd,9190,579157
"Austin, Villa and Riley",5655,313581
Scott-Richardson,9102,732084
"Best, Mahoney and Rodriguez",4195,905873
Monroe-Schneider,5386,805851
Frazier Group,7716,204087
Keller Group,8839,648693
Lewis PLC,1907,374080
Guzman Inc,1198,151316
Hunter-Thomas,5209,527302
Butler-Anderson,5294,809202
Harris LLC,6705,830476
"Thomas, Golden and York",7039,503515
Elliott-Moreno,2625,677621
Graves-Bates,2962,810999
Villegas PLC,1613,814052
Hensley-Lee,3045,104017
Burns LLC,4072,512779
Cabrera Ltd,7228,728478
Robertson-King,9383,432607
"Bryant, Rodriguez and Mayer",3122,804996
Harrison LLC,4605,324496
Jones Ltd,4571,678180
"Garcia, Harrison and Eaton",2540,347120
"Rodriguez, Miller and Gaines",3385,545611
"Fisher, Ellis and Baker",8706,612865
Lynn LLC,3939,767008
"Carter, Delacruz and Jackson",2525,715821
Hernandez-Robinson,1150,784562
"Harvey, Schroeder and Wise",7259,813454
"Woods, Chambers and Ferguson",5279,310931
"Evans, Branch and Garcia",1274,512597
"Hahn, Gibson and Torres",4835,137164
"Dudley, Gallegos and Shannon",4366,152153
"Moore, Henry and Gibson",9790,944657
Wu-Watson,3593,960834
Poole-Guerrero,1067,288922
Parker Group,8157,327618
Mitchell PLC,4176,435467
Randolph PLC,5563,995537
Harris-Jones,6626,192880
Jones-Smith,6396,955293
Douglas-Golden,8352,747603
Roth Group,2637,682755
Glenn-Miller,3909,147303
"Barnes, Kirk and Beck",2094,357358
Blair-Sullivan,6273,426049
